Timestamp_IST,Instrument,Signal_Type,Close_Price,Upper_BB,Lower_BB
2026-05-08 01:45:00+00:00,MGC,CROSS_UPPER,4728.3,4725.48,4694.98
2026-05-08 03:45:00+00:00,MGC,PRIORITY_UPPER,4727.9,4726.53,4694.59
2026-05-08 01:45:00+00:00,SIL,CROSS_UPPER,80.59,80.43,78.93
2026-05-08 03:45:00+00:00,MCL,PRIORITY_LOWER,95.66,97.63,95.78
2026-05-08 04:00:00+00:00,MGC,PRIORITY_UPPER,4729.8,4725.5,4694.71
2026-05-08 01:15:00+00:00,SIL,CROSS_UPPER,80.43,80.26,78.97
2026-05-08 04:00:00+00:00,SIL,PRIORITY_UPPER,80.43,80.34,78.95
2026-05-08 01:15:00+00:00,MCL,CROSS_LOWER,95.78,97.59,95.91
2026-05-08 04:00:00+00:00,MCL,PRIORITY_LOWER,95.7,97.62,95.81
2026-05-08 04:00:00+00:00,MGC,CROSS_UPPER,4727.8,4726.51,4694.6
2026-05-08 04:00:00+00:00,MCL,CROSS_LOWER,95.75,97.62,95.79
2026-05-08 04:15:00+00:00,MGC,CROSS_UPPER,4726.5,4726.06,4694.88
2026-05-08 04:45:00+00:00,MCL,CROSS_LOWER,95.74,97.55,95.85
2026-05-08 05:00:00+00:00,MCL,CROSS_LOWER,95.55,97.45,95.74
2026-05-08 05:15:00+00:00,MGC,CROSS_UPPER,4728.0,4727.84,4696.5
2026-05-08 05:30:00+00:00,MGC,CROSS_UPPER,4733.1,4730.35,4697.32
2026-05-08 05:30:00+00:00,SIL,CROSS_UPPER,80.75,80.59,79.08
2026-05-08 05:30:00+00:00,MCL,CROSS_LOWER,95.45,97.4,95.61
2026-05-08 05:45:00+00:00,MGC,CROSS_UPPER,4733.0,4732.59,4698.13
2026-05-08 05:45:00+00:00,SIL,PRIORITY_UPPER,80.75,80.74,79.34
2026-05-08 05:45:00+00:00,SIL,CROSS_UPPER,80.92,80.77,79.33
2026-05-08 05:45:00+00:00,MCL,CROSS_LOWER,95.42,97.25,95.5
2026-05-08 06:00:00+00:00,SIL,CROSS_UPPER,81.1,80.88,79.16
2026-05-08 06:00:00+00:00,MCL,CROSS_LOWER,95.35,97.27,95.4
2026-05-08 06:00:00+00:00,MGC,CROSS_UPPER,4735.2,4734.23,4705.73
2026-05-08 06:15:00+00:00,SIL,CROSS_UPPER,80.96,80.95,79.47
2026-05-08 06:15:00+00:00,MCL,PRIORITY_LOWER,95.2,97.09,95.26
2026-05-08 06:15:00+00:00,MGC,CROSS_UPPER,4735.9,4735.21,4707.45
2026-05-08 06:15:00+00:00,MCL,CROSS_LOWER,94.93,97.11,95.21
2026-05-08 06:30:00+00:00,MGC,CROSS_UPPER,4739.4,4738.47,4718.87
2026-05-08 06:30:00+00:00,SIL,PRIORITY_UPPER,81.15,81.0,79.97
2026-05-08 06:30:00+00:00,MCL,PRIORITY_LOWER,94.74,96.37,95.03
2026-05-08 06:30:00+00:00,MCL,CROSS_LOWER,94.76,96.37,95.04
2026-05-08 06:30:00+00:00,SIL,CROSS_UPPER,81.06,80.98,79.98
2026-05-08 07:15:00+00:00,MGC,CROSS_LOWER,4707.3,4739.18,4715.21
2026-05-08 07:30:00+00:00,MGC,PRIORITY_LOWER,4712.0,4738.74,4715.8
2026-05-08 07:30:00+00:00,SIL,CROSS_LOWER,79.94,81.02,79.95
2026-05-08 07:30:00+00:00,MGC,CROSS_LOWER,4716.5,4738.34,4716.65
2026-05-08 08:15:00+00:00,MCL,CROSS_LOWER,94.7,96.16,94.77
2026-05-08 08:30:00+00:00,MCL,PRIORITY_LOWER,94.3,96.21,94.57
2026-05-08 08:30:00+00:00,MCL,CROSS_LOWER,94.53,96.19,94.61
2026-05-08 08:45:00+00:00,MCL,CROSS_LOWER,94.44,96.19,94.49
2026-05-08 09:00:00+00:00,MCL,CROSS_LOWER,94.27,96.13,94.39
2026-05-08 09:15:00+00:00,MCL,CROSS_LOWER,94.32,96.0,94.34
2026-05-08 10:15:00+00:00,SIL,CROSS_UPPER,81.18,81.18,80.36
2026-05-08 10:30:00+00:00,SIL,CROSS_UPPER,81.33,81.24,80.35
2026-05-08 10:45:00+00:00,SIL,PRIORITY_UPPER,81.28,81.27,80.35
2026-05-08 12:00:00+00:00,SIL,CROSS_UPPER,81.39,81.39,80.37
2026-05-08 12:00:00+00:00,MGC,CROSS_LOWER,4713.9,4734.56,4716.43
2026-05-08 12:15:00+00:00,MGC,PRIORITY_LOWER,4713.9,4734.73,4716.06
2026-05-08 12:30:00+00:00,SIL,CROSS_UPPER,81.67,81.43,80.54
2026-05-08 12:30:00+00:00,MGC,CROSS_UPPER,4736.9,4735.55,4717.83
2026-05-08 12:45:00+00:00,SIL,PRIORITY_UPPER,81.71,81.53,80.57
2026-05-08 12:45:00+00:00,MGC,CROSS_UPPER,4739.3,4736.44,4718.78
2026-05-08 13:00:00+00:00,SIL,REVERSAL_BREAK_UPPER,81.67,81.6,80.61
2026-05-08 13:00:00+00:00,SIL,CROSS_UPPER,81.67,81.6,80.61
2026-05-08 12:45:00+00:00,MCL,CROSS_UPPER,95.35,95.32,94.33
2026-05-08 13:00:00+00:00,SIL,REVERSAL_CLOSE_UPPER,81.35,81.55,80.63
2026-05-08 13:15:00+00:00,MGC,CROSS_UPPER,4736.9,4736.72,4719.93
2026-05-08 13:15:00+00:00,SIL,CROSS_UPPER,81.64,81.6,80.65
2026-05-08 13:15:00+00:00,MCL,CROSS_LOWER,94.29,95.28,94.31
2026-05-08 13:30:00+00:00,MGC,CROSS_UPPER,4744.9,4739.23,4719.22
2026-05-08 13:30:00+00:00,SIL,CROSS_UPPER,81.64,81.64,80.71
2026-05-08 13:30:00+00:00,MCL,CROSS_LOWER,94.15,95.31,94.23
2026-05-08 13:45:00+00:00,MGC,PRIORITY_UPPER,4748.9,4742.87,4718.28
2026-05-08 13:45:00+00:00,SIL,PRIORITY_UPPER,81.79,81.72,80.74
2026-05-08 13:45:00+00:00,SIL,CROSS_UPPER,81.88,81.74,80.73
2026-05-08 13:45:00+00:00,MGC,CROSS_UPPER,4757.8,4745.12,4716.92
2026-05-08 14:00:00+00:00,MGC,PRIORITY_UPPER,4753.8,4748.28,4716.35
2026-05-08 14:00:00+00:00,SIL,PRIORITY_UPPER,81.94,81.87,80.74
2026-05-08 14:00:00+00:00,MGC,CROSS_UPPER,4747.8,4747.13,4716.9
2026-05-08 14:15:00+00:00,MCL,CROSS_UPPER,95.55,95.41,94.35
2026-05-08 14:30:00+00:00,MCL,CROSS_UPPER,95.62,95.5,94.37
2026-05-08 15:00:00+00:00,SIL,CROSS_LOWER,80.74,81.81,80.85
2026-05-08 15:15:00+00:00,SIL,CROSS_LOWER,80.79,81.82,80.81
2026-05-08 15:00:00+00:00,MCL,CROSS_UPPER,95.57,95.5,94.36
2026-05-08 15:15:00+00:00,MCL,CROSS_UPPER,95.7,95.6,94.36
2026-05-08 15:30:00+00:00,SIL,CROSS_LOWER,80.6,81.84,80.74
2026-05-08 15:30:00+00:00,MCL,CROSS_UPPER,96.1,95.75,94.34
2026-05-08 15:45:00+00:00,MGC,CROSS_LOWER,4712.6,4746.63,4712.71
2026-05-08 15:45:00+00:00,SIL,PRIORITY_LOWER,80.47,81.87,80.63
2026-05-08 15:45:00+00:00,MCL,CROSS_UPPER,95.96,95.84,94.35
2026-05-08 15:45:00+00:00,SIL,CROSS_LOWER,80.66,81.85,80.67
2026-05-08 16:00:00+00:00,SIL,PRIORITY_LOWER,80.5,81.89,80.55
2026-05-08 16:00:00+00:00,SIL,CROSS_LOWER,80.5,81.89,80.55
2026-05-08 16:00:00+00:00,MCL,CROSS_UPPER,95.97,95.92,94.37
2026-05-13 15:15:00+00:00,SIL,PRIORITY_UPPER,89.11,88.82,87.09
2026-05-13 15:30:00+00:00,SIL,CROSS_UPPER,89.42,89.03,87.07
2026-05-13 15:45:00+00:00,SIL,PRIORITY_UPPER,89.36,89.18,87.11
2026-05-13 16:00:00+00:00,SIL,PRIORITY_UPPER,89.64,89.41,87.08
2026-05-14 04:45:00+00:00,MGC,CROSS_UPPER,4713.2,4712.9,4684.4
2026-05-14 05:00:00+00:00,MCL,CROSS_UPPER,101.63,101.61,100.92
2026-05-14 05:30:00+00:00,MCL,CROSS_UPPER,101.75,101.7,100.94
2026-05-14 06:30:00+00:00,MCL,CROSS_LOWER,101.07,101.65,101.1
2026-05-14 06:45:00+00:00,MCL,PRIORITY_LOWER,100.07,101.94,100.59
2026-05-14 07:30:00+00:00,MGC,CROSS_UPPER,4720.6,4716.0,4684.76
2026-05-14 07:30:00+00:00,SIL,CROSS_UPPER,88.1,87.98,87.16
2026-05-14 07:45:00+00:00,MCL,CROSS_UPPER,101.94,101.91,100.79
2026-05-14 08:00:00+00:00,MCL,CROSS_UPPER,102.27,102.04,100.76
2026-05-14 08:15:00+00:00,SIL,CROSS_UPPER,88.04,88.02,87.19
2026-05-14 08:30:00+00:00,SIL,PRIORITY_UPPER,88.09,88.06,87.25
2026-05-14 10:15:00+00:00,MCL,CROSS_LOWER,100.59,102.0,100.61
2026-05-14 11:00:00+00:00,SIL,CROSS_LOWER,87.31,87.96,87.38
2026-05-14 11:15:00+00:00,SIL,CROSS_LOWER,87.24,87.96,87.35
2026-05-14 11:30:00+00:00,SIL,PRIORITY_LOWER,87.21,87.97,87.27
2026-05-14 11:45:00+00:00,MCL,CROSS_LOWER,100.56,101.87,100.66
2026-05-14 12:00:00+00:00,MCL,PRIORITY_LOWER,100.21,101.93,100.46
2026-05-14 12:00:00+00:00,MCL,CROSS_LOWER,99.72,101.99,100.34
2026-05-14 12:15:00+00:00,MCL,PRIORITY_LOWER,99.54,102.07,100.09
2026-05-14 12:15:00+00:00,MGC,CROSS_UPPER,4713.2,4711.69,4696.66
2026-05-14 12:30:00+00:00,MGC,CROSS_UPPER,4709.7,4709.49,4697.76
2026-05-14 12:15:00+00:00,SIL,CROSS_LOWER,87.15,87.93,87.22
2026-05-14 12:30:00+00:00,SIL,CROSS_LOWER,87.17,87.89,87.18
2026-05-14 12:45:00+00:00,SIL,PRIORITY_LOWER,86.75,87.97,86.99
2026-05-14 12:45:00+00:00,MGC,CROSS_UPPER,4710.4,4709.71,4698.07
2026-05-14 13:00:00+00:00,SIL,CROSS_LOWER,87.0,87.9,87.0
2026-05-14 13:00:00+00:00,MGC,CROSS_UPPER,4711.3,4710.71,4697.75
2026-05-14 13:15:00+00:00,SIL,PRIORITY_LOWER,86.72,87.86,86.9
2026-05-14 13:15:00+00:00,SIL,CROSS_LOWER,86.01,87.98,86.71
2026-05-14 13:15:00+00:00,MGC,CROSS_LOWER,4694.5,4710.29,4696.57
2026-05-14 13:30:00+00:00,MGC,PRIORITY_LOWER,4690.4,4710.92,4694.64
2026-05-14 13:30:00+00:00,SIL,PRIORITY_LOWER,85.71,88.07,86.41
2026-05-14 13:30:00+00:00,MGC,CROSS_LOWER,4691.6,4710.77,4694.91
2026-05-14 13:45:00+00:00,MGC,PRIORITY_LOWER,4686.5,4712.89,4690.48
2026-05-14 13:45:00+00:00,MGC,CROSS_LOWER,4688.3,4712.7,4690.85
2026-05-14 14:00:00+00:00,MGC,CROSS_LOWER,4686.0,4713.41,4688.28
2026-05-14 14:15:00+00:00,SIL,PRIORITY_LOWER,85.11,88.38,85.23
2026-05-14 14:15:00+00:00,MCL,CROSS_UPPER,101.44,101.44,100.14
2026-05-14 14:15:00+00:00,SIL,CROSS_LOWER,85.22,88.37,85.25
2026-05-14 14:30:00+00:00,MCL,CROSS_UPPER,101.46,101.42,100.15
2026-05-14 14:45:00+00:00,MGC,CROSS_LOWER,4685.7,4712.65,4687.0
2026-05-14 15:00:00+00:00,MGC,CROSS_LOWER,4684.5,4712.6,4685.14
2026-05-14 16:00:00+00:00,MGC,CROSS_LOWER,4681.5,4710.6,4681.92
2026-05-15 05:30:00+00:00,MGC,CROSS_LOWER,4572.1,4668.63,4588.28
2026-05-15 05:45:00+00:00,MGC,PRIORITY_LOWER,4572.0,4665.74,4581.7
2026-05-15 05:30:00+00:00,MCL,CROSS_UPPER,103.09,102.8,101.61
2026-05-15 05:45:00+00:00,MCL,PRIORITY_UPPER,103.17,102.93,101.64
2026-05-15 06:00:00+00:00,MGC,PRIORITY_LOWER,4563.4,4663.71,4572.85
2026-05-15 06:00:00+00:00,MCL,PRIORITY_UPPER,103.32,103.1,101.61
2026-05-15 06:00:00+00:00,MGC,CROSS_LOWER,4574.2,4662.83,4574.81
2026-05-15 06:15:00+00:00,MCL,PRIORITY_UPPER,103.22,103.2,101.65
2026-05-15 06:15:00+00:00,MCL,CROSS_UPPER,103.2,103.19,101.66
2026-05-15 06:30:00+00:00,MCL,PRIORITY_UPPER,103.37,103.34,101.68
2026-05-15 06:30:00+00:00,MCL,CROSS_UPPER,103.32,103.25,102.15
2026-05-15 06:30:00+00:00,MGC,CROSS_LOWER,4572.0,4634.82,4573.03
2026-05-15 06:45:00+00:00,MCL,CROSS_UPPER,103.36,103.31,102.18
2026-05-15 09:00:00+00:00,MGC,CROSS_LOWER,4551.6,4606.74,4553.69
2026-05-15 09:15:00+00:00,MGC,CROSS_LOWER,4551.7,4602.23,4551.88
2026-05-15 09:30:00+00:00,MGC,CROSS_LOWER,4551.1,4597.61,4551.12
2026-05-15 09:45:00+00:00,MGC,PRIORITY_LOWER,4546.0,4592.86,4549.14
2026-05-15 09:45:00+00:00,SIL,CROSS_LOWER,77.57,80.17,77.75
2026-05-15 09:45:00+00:00,MGC,CROSS_LOWER,4549.8,4592.56,4549.82
2026-05-15 12:30:00+00:00,SIL,CROSS_LOWER,78.0,79.37,78.03
2026-05-15 12:45:00+00:00,SIL,CROSS_LOWER,77.94,79.3,77.95
2026-05-15 13:00:00+00:00,SIL,CROSS_LOWER,77.35,79.35,77.71
2026-05-15 13:00:00+00:00,MGC,CROSS_LOWER,4545.4,4568.9,4545.98
2026-05-15 13:15:00+00:00,SIL,PRIORITY_LOWER,77.13,79.4,77.5
2026-05-15 13:15:00+00:00,SIL,CROSS_LOWER,77.48,79.37,77.57
2026-05-15 13:30:00+00:00,SIL,CROSS_LOWER,77.38,79.33,77.44
2026-05-15 13:30:00+00:00,MGC,CROSS_LOWER,4544.7,4567.22,4545.02
2026-05-15 13:30:00+00:00,MCL,CROSS_LOWER,99.2,100.59,99.24
2026-05-15 13:45:00+00:00,MGC,PRIORITY_LOWER,4517.7,4572.56,4533.48
2026-05-15 13:45:00+00:00,SIL,CROSS_LOWER,77.0,79.44,77.07
2026-05-15 13:45:00+00:00,MGC,CROSS_LOWER,4537.3,4570.16,4537.84
2026-05-15 14:00:00+00:00,MGC,CROSS_LOWER,4533.9,4570.62,4535.61
2026-05-15 14:00:00+00:00,SIL,CROSS_LOWER,76.66,79.48,76.85
2026-05-15 14:45:00+00:00,MCL,CROSS_UPPER,100.29,100.25,99.32
2026-05-15 15:00:00+00:00,MCL,CROSS_UPPER,100.31,100.27,99.31
2026-05-15 15:15:00+00:00,MCL,CROSS_UPPER,100.29,100.29,99.31
2026-05-15 15:30:00+00:00,MCL,CROSS_UPPER,100.33,100.32,99.32
2026-05-15 15:45:00+00:00,MCL,PRIORITY_UPPER,100.53,100.41,99.4
2026-05-15 15:45:00+00:00,MCL,CROSS_UPPER,101.14,100.56,99.32
2026-05-15 16:00:00+00:00,MCL,PRIORITY_UPPER,100.94,100.65,99.35
2026-05-18 10:30:00+00:00,MGC,CROSS_LOWER,4537.6,4555.32,4538.68
2026-05-18 10:45:00+00:00,MGC,CROSS_LOWER,4541.2,4554.35,4541.24
2026-05-18 11:00:00+00:00,MGC,CROSS_LOWER,4537.5,4554.62,4540.81
2026-05-18 11:15:00+00:00,MGC,CROSS_LOWER,4541.6,4554.1,4541.93
2026-05-18 11:30:00+00:00,MGC,CROSS_LOWER,4541.0,4554.42,4541.12
2026-05-18 11:30:00+00:00,SIL,CROSS_UPPER,76.51,76.49,76.04
2026-05-18 11:30:00+00:00,MCL,CROSS_LOWER,101.59,102.69,101.75
2026-05-18 11:30:00+00:00,MGC,CROSS_UPPER,4559.3,4555.93,4541.44
2026-05-18 11:45:00+00:00,MGC,PRIORITY_UPPER,4567.3,4560.56,4539.21
2026-05-18 11:45:00+00:00,SIL,PRIORITY_UPPER,77.29,76.87,75.81
2026-05-18 11:45:00+00:00,MCL,PRIORITY_LOWER,100.51,102.93,101.15
2026-05-18 12:00:00+00:00,SIL,REVERSAL_BREAK_UPPER,76.69,76.8,75.9
2026-05-18 12:00:00+00:00,SIL,REVERSAL_CLOSE_UPPER,76.69,76.8,75.9
2026-05-18 12:00:00+00:00,MCL,PRIORITY_LOWER,100.89,102.8,101.11
2026-05-18 12:00:00+00:00,SIL,CROSS_UPPER,76.9,76.83,75.88
2026-05-18 12:15:00+00:00,SIL,CROSS_UPPER,76.93,76.91,75.87
2026-05-18 12:15:00+00:00,MCL,CROSS_LOWER,101.07,102.77,101.08
2026-05-18 12:30:00+00:00,SIL,PRIORITY_UPPER,77.13,77.04,75.85
2026-05-18 12:30:00+00:00,MGC,CROSS_UPPER,4564.3,4560.68,4539.91
2026-05-18 12:30:00+00:00,SIL,CROSS_UPPER,77.57,77.13,75.79
2026-05-18 12:30:00+00:00,MCL,CROSS_LOWER,100.04,102.89,100.78
2026-05-18 12:45:00+00:00,MGC,PRIORITY_UPPER,4574.8,4566.6,4537.4
2026-05-18 12:45:00+00:00,SIL,PRIORITY_UPPER,77.82,77.39,75.71
2026-05-18 12:45:00+00:00,MGC,CROSS_UPPER,4575.2,4566.69,4537.35
2026-05-18 13:00:00+00:00,MGC,PRIORITY_UPPER,4579.3,4570.73,4536.21
2026-05-18 12:45:00+00:00,SIL,CROSS_UPPER,77.88,77.4,75.7
2026-05-18 13:00:00+00:00,SIL,PRIORITY_UPPER,78.07,77.63,75.66
2026-05-18 13:00:00+00:00,MGC,CROSS_UPPER,4570.0,4568.84,4537.17
2026-05-18 13:00:00+00:00,MCL,CROSS_LOWER,99.7,103.16,99.87
2026-05-18 13:15:00+00:00,SIL,PRIORITY_UPPER,77.92,77.76,75.66
2026-05-18 13:15:00+00:00,MCL,CROSS_LOWER,99.61,103.15,99.62
2026-05-18 13:15:00+00:00,MGC,CROSS_UPPER,4572.4,4571.5,4536.83
2026-05-18 13:15:00+00:00,SIL,CROSS_UPPER,78.07,77.79,75.64
2026-05-18 13:30:00+00:00,SIL,CROSS_UPPER,77.96,77.94,75.66
2026-05-18 13:30:00+00:00,MGC,CROSS_UPPER,4579.4,4575.31,4536.07
2026-05-18 13:45:00+00:00,SIL,CROSS_UPPER,78.1,78.1,75.66
2026-05-18 13:45:00+00:00,MGC,CROSS_UPPER,4580.3,4576.91,4536.23
2026-05-18 13:45:00+00:00,MCL,CROSS_LOWER,99.18,103.08,99.23
2026-05-18 18:15:00+00:00,MCL,CROSS_UPPER,104.22,104.2,100.69
2026-05-19 07:45:00+00:00,MGC,CROSS_UPPER,4560.7,4556.37,4540.49
2026-05-19 08:00:00+00:00,MGC,PRIORITY_UPPER,4558.4,4556.96,4540.25
2026-05-19 08:15:00+00:00,SIL,CROSS_LOWER,76.25,76.88,76.27
2026-05-19 09:00:00+00:00,SIL,CROSS_LOWER,76.12,76.87,76.22
2026-05-19 09:15:00+00:00,SIL,PRIORITY_LOWER,76.06,76.89,76.15
2026-05-19 09:15:00+00:00,SIL,CROSS_LOWER,76.08,76.89,76.15
2026-05-19 09:30:00+00:00,SIL,CROSS_LOWER,76.09,76.9,76.1
2026-05-19 09:45:00+00:00,SIL,PRIORITY_LOWER,76.0,76.9,76.02
2026-05-19 09:45:00+00:00,MCL,CROSS_LOWER,102.87,103.72,102.87
2026-05-19 10:00:00+00:00,MCL,PRIORITY_LOWER,102.75,103.71,102.88
2026-05-19 10:30:00+00:00,MGC,CROSS_LOWER,4532.7,4555.64,4537.83
2026-05-19 10:45:00+00:00,MGC,PRIORITY_LOWER,4534.6,4556.03,4536.52
2026-05-19 10:30:00+00:00,SIL,CROSS_LOWER,75.9,76.87,75.96
2026-05-19 10:30:00+00:00,MCL,CROSS_UPPER,103.78,103.74,102.93
2026-05-19 10:45:00+00:00,MCL,CROSS_UPPER,103.85,103.81,102.94
2026-05-19 11:00:00+00:00,MCL,CROSS_UPPER,104.0,103.83,102.98
2026-05-19 11:15:00+00:00,MCL,PRIORITY_UPPER,104.05,103.91,102.96
2026-05-19 11:45:00+00:00,MGC,CROSS_LOWER,4534.0,4553.93,4535.81
2026-05-19 12:00:00+00:00,MGC,PRIORITY_LOWER,4533.9,4553.49,4534.53
2026-05-19 11:45:00+00:00,MCL,CROSS_UPPER,103.97,103.94,102.96
2026-05-19 12:15:00+00:00,SIL,CROSS_UPPER,76.69,76.68,75.96
2026-05-19 13:00:00+00:00,MGC,CROSS_LOWER,4527.7,4549.74,4534.35
2026-05-19 13:15:00+00:00,MGC,PRIORITY_LOWER,4528.4,4550.39,4532.33
2026-05-19 13:00:00+00:00,SIL,CROSS_LOWER,75.95,76.6,75.97
2026-05-19 13:15:00+00:00,SIL,CROSS_LOWER,75.59,76.64,75.85
2026-05-19 13:15:00+00:00,MCL,CROSS_UPPER,104.11,104.0,102.96
2026-05-19 13:15:00+00:00,MGC,CROSS_LOWER,4504.3,4555.01,4525.3
2026-05-19 13:30:00+00:00,MGC,PRIORITY_LOWER,4490.9,4560.84,4512.93
2026-05-19 13:30:00+00:00,MCL,PRIORITY_UPPER,104.39,104.19,102.92
2026-05-19 13:30:00+00:00,MCL,CROSS_UPPER,104.26,104.17,102.93
2026-05-19 13:45:00+00:00,MGC,PRIORITY_LOWER,4482.0,4565.27,4500.82
2026-05-19 13:45:00+00:00,SIL,PRIORITY_LOWER,74.44,77.18,74.67
2026-05-19 14:00:00+00:00,MGC,CROSS_LOWER,4501.9,4562.48,4502.01
2026-05-19 13:45:00+00:00,SIL,CROSS_LOWER,74.71,77.16,74.72
2026-05-19 14:15:00+00:00,MGC,CROSS_LOWER,4496.3,4562.51,4496.64
2026-05-19 14:00:00+00:00,SIL,CROSS_LOWER,74.56,77.17,74.56
2026-05-19 14:30:00+00:00,MCL,CROSS_LOWER,102.88,104.18,102.9
2026-05-19 15:00:00+00:00,MCL,CROSS_LOWER,103.06,104.13,103.06
2026-05-20 06:15:00+00:00,SIL,PRIORITY_UPPER,75.0,74.77,73.57
2026-05-20 06:30:00+00:00,SIL,CROSS_UPPER,74.91,74.83,73.55
2026-05-20 06:15:00+00:00,MCL,CROSS_LOWER,103.04,104.31,103.39
2026-05-20 06:30:00+00:00,MCL,CROSS_LOWER,103.02,104.31,103.27
2026-05-20 06:45:00+00:00,SIL,PRIORITY_UPPER,75.11,74.97,73.54
2026-05-20 06:45:00+00:00,MCL,PRIORITY_LOWER,102.99,104.29,103.18
2026-05-20 06:45:00+00:00,SIL,CROSS_UPPER,75.6,75.08,73.48
2026-05-20 07:00:00+00:00,SIL,PRIORITY_UPPER,75.48,75.22,73.48
2026-05-20 07:00:00+00:00,MCL,PRIORITY_LOWER,102.92,104.3,103.03
2026-05-20 07:00:00+00:00,MGC,CROSS_UPPER,4484.8,4483.68,4460.64
2026-05-20 07:00:00+00:00,MCL,CROSS_LOWER,103.01,104.29,103.05
2026-05-20 07:15:00+00:00,SIL,PRIORITY_UPPER,75.43,75.33,73.46
2026-05-20 07:15:00+00:00,MGC,CROSS_UPPER,4484.6,4483.58,4460.68
2026-05-20 07:15:00+00:00,SIL,CROSS_UPPER,75.39,75.33,73.46
2026-05-20 07:30:00+00:00,MGC,PRIORITY_UPPER,4487.7,4484.41,4460.3
2026-05-20 07:15:00+00:00,MCL,CROSS_LOWER,102.67,104.33,102.92
2026-05-20 07:30:00+00:00,MCL,CROSS_LOWER,102.83,104.34,102.84
2026-05-20 07:30:00+00:00,MGC,CROSS_UPPER,4483.7,4483.67,4460.64
2026-05-20 08:00:00+00:00,MGC,CROSS_UPPER,4484.8,4484.61,4461.58
2026-05-20 08:15:00+00:00,MGC,CROSS_UPPER,4486.3,4486.18,4461.92
2026-05-20 08:30:00+00:00,MGC,PRIORITY_UPPER,4490.5,4488.28,4463.25
2026-05-20 08:15:00+00:00,SIL,CROSS_UPPER,75.74,75.72,73.67
2026-05-20 08:30:00+00:00,MCL,CROSS_LOWER,102.42,104.0,102.6
2026-05-20 08:45:00+00:00,MCL,PRIORITY_LOWER,102.33,104.0,102.46
2026-05-20 08:45:00+00:00,MGC,CROSS_UPPER,4491.7,4488.8,4464.71
2026-05-20 08:45:00+00:00,MCL,CROSS_LOWER,101.88,104.05,102.37
2026-05-20 09:00:00+00:00,MCL,PRIORITY_LOWER,102.04,104.04,102.25
2026-05-20 09:45:00+00:00,MGC,CROSS_UPPER,4491.8,4489.75,4470.15
2026-05-20 10:00:00+00:00,MGC,CROSS_UPPER,4491.2,4490.28,4471.15
2026-05-20 10:15:00+00:00,MGC,CROSS_UPPER,4491.9,4491.3,4472.23
2026-05-20 10:30:00+00:00,MGC,CROSS_UPPER,4496.5,4493.2,4472.52
2026-05-20 10:30:00+00:00,MCL,CROSS_LOWER,101.36,103.58,101.83
2026-05-20 10:45:00+00:00,MGC,PRIORITY_UPPER,4496.1,4494.86,4473.0
2026-05-20 10:45:00+00:00,MCL,PRIORITY_LOWER,101.24,103.5,101.65
2026-05-20 10:45:00+00:00,SIL,CROSS_UPPER,76.0,75.97,75.06
2026-05-20 10:45:00+00:00,MGC,CROSS_UPPER,4495.9,4494.83,4473.01
2026-05-20 11:00:00+00:00,MGC,PRIORITY_UPPER,4496.8,4496.4,4473.84
2026-05-20 11:00:00+00:00,MCL,PRIORITY_LOWER,101.47,103.3,101.62
2026-05-20 11:00:00+00:00,MGC,CROSS_UPPER,4497.9,4496.59,4473.76
2026-05-20 11:00:00+00:00,SIL,CROSS_UPPER,76.07,76.01,75.15
2026-05-20 11:00:00+00:00,MCL,CROSS_LOWER,101.65,103.29,101.66
2026-05-20 11:15:00+00:00,MGC,CROSS_UPPER,4497.5,4497.4,4475.01
2026-05-20 11:30:00+00:00,MGC,PRIORITY_UPPER,4502.4,4499.58,4476.67
2026-05-20 11:15:00+00:00,SIL,CROSS_UPPER,76.05,76.02,75.23
2026-05-20 11:30:00+00:00,SIL,PRIORITY_UPPER,76.1,76.05,75.31
2026-05-20 11:30:00+00:00,MGC,CROSS_UPPER,4501.1,4499.33,4476.79
2026-05-20 11:30:00+00:00,SIL,CROSS_UPPER,76.1,76.05,75.31
2026-05-20 11:45:00+00:00,MGC,CROSS_UPPER,4501.0,4500.08,4478.15
2026-05-20 12:15:00+00:00,MCL,CROSS_LOWER,101.48,103.02,101.53
2026-05-20 12:30:00+00:00,MGC,CROSS_UPPER,4506.2,4504.52,4479.18
2026-05-20 12:30:00+00:00,MCL,PRIORITY_LOWER,101.3,102.98,101.38
2026-05-20 12:30:00+00:00,MCL,CROSS_LOWER,100.86,103.02,101.29
2026-05-20 12:45:00+00:00,MCL,CROSS_LOWER,101.26,102.88,101.3
2026-05-20 13:00:00+00:00,SIL,CROSS_UPPER,76.12,76.09,75.57
2026-05-20 13:00:00+00:00,MGC,CROSS_UPPER,4507.9,4506.7,4481.04
2026-05-20 13:15:00+00:00,SIL,CROSS_LOWER,75.43,76.07,75.52
2026-05-20 13:30:00+00:00,SIL,PRIORITY_LOWER,75.32,76.11,75.42
2026-05-20 13:30:00+00:00,SIL,CROSS_LOWER,75.34,76.11,75.42
2026-05-20 13:45:00+00:00,SIL,CROSS_LOWER,75.36,76.12,75.37
2026-05-20 14:00:00+00:00,SIL,PRIORITY_LOWER,75.15,76.16,75.28
2026-05-20 14:00:00+00:00,MGC,CROSS_LOWER,4482.3,4506.63,4482.33
2026-05-20 14:00:00+00:00,SIL,CROSS_LOWER,75.11,76.17,75.27
2026-05-20 14:15:00+00:00,MCL,CROSS_LOWER,101.17,102.56,101.2
2026-05-20 14:15:00+00:00,MGC,CROSS_UPPER,4509.5,4507.8,4484.19
2026-05-20 14:30:00+00:00,MGC,CROSS_UPPER,4522.3,4511.99,4483.66
2026-05-20 14:30:00+00:00,SIL,CROSS_UPPER,76.64,76.36,75.24
2026-05-20 14:30:00+00:00,MCL,PRIORITY_LOWER,99.99,102.69,100.73
2026-05-20 14:45:00+00:00,MGC,PRIORITY_UPPER,4523.6,4516.06,4483.35
2026-05-20 14:45:00+00:00,SIL,CROSS_UPPER,76.39,76.37,75.26
2026-05-20 14:30:00+00:00,MCL,CROSS_LOWER,100.45,102.63,100.84
2026-05-20 14:45:00+00:00,MCL,PRIORITY_LOWER,100.42,102.6,100.67
2026-05-20 14:45:00+00:00,MCL,CROSS_LOWER,100.47,102.6,100.68
2026-05-20 15:00:00+00:00,MGC,PRIORITY_UPPER,4536.6,4524.33,4480.73
2026-05-20 15:00:00+00:00,SIL,CROSS_UPPER,76.52,76.47,75.25
2026-05-20 15:00:00+00:00,MCL,CROSS_LOWER,100.38,102.57,100.52
2026-05-20 15:15:00+00:00,MGC,REVERSAL_BREAK_UPPER,4543.2,4528.85,4480.48
2026-05-20 15:15:00+00:00,MGC,CROSS_UPPER,4543.2,4528.85,4480.48
2026-05-20 15:15:00+00:00,SIL,CROSS_UPPER,76.49,76.47,75.27
2026-05-21 07:00:00+00:00,MGC,CROSS_LOWER,4522.2,4542.65,4523.8
2026-05-21 07:15:00+00:00,MGC,CROSS_LOWER,4518.7,4542.12,4521.99
2026-05-21 07:00:00+00:00,SIL,CROSS_LOWER,75.25,76.15,75.3
2026-05-21 07:15:00+00:00,SIL,CROSS_LOWER,75.25,76.08,75.27
2026-05-21 07:00:00+00:00,MCL,CROSS_UPPER,99.78,99.62,98.76
2026-05-21 07:15:00+00:00,MCL,CROSS_UPPER,99.68,99.66,98.82
2026-05-21 07:30:00+00:00,MGC,PRIORITY_LOWER,4514.1,4542.77,4518.5
2026-05-21 07:30:00+00:00,MGC,CROSS_LOWER,4515.7,4542.6,4518.83
2026-05-21 07:30:00+00:00,SIL,CROSS_LOWER,75.18,76.09,75.2
2026-05-21 07:45:00+00:00,MGC,CROSS_LOWER,4516.4,4542.33,4517.38
2026-05-21 07:45:00+00:00,SIL,CROSS_LOWER,75.14,76.08,75.15
2026-05-21 08:00:00+00:00,MCL,CROSS_LOWER,98.8,99.67,98.84
2026-05-21 08:15:00+00:00,MCL,PRIORITY_LOWER,98.2,99.81,98.57
2026-05-21 08:15:00+00:00,MCL,CROSS_LOWER,98.67,99.76,98.67
2026-05-21 08:45:00+00:00,MCL,CROSS_LOWER,98.47,99.8,98.62
2026-05-21 09:00:00+00:00,MCL,PRIORITY_LOWER,98.45,99.81,98.53
2026-05-21 09:00:00+00:00,MCL,CROSS_LOWER,98.1,99.85,98.46
2026-05-21 09:15:00+00:00,MCL,PRIORITY_LOWER,98.13,99.87,98.33
2026-05-21 09:15:00+00:00,MGC,CROSS_UPPER,4541.8,4541.78,4518.16
2026-05-21 09:15:00+00:00,MCL,CROSS_LOWER,98.18,99.86,98.34
2026-05-21 09:30:00+00:00,MCL,PRIORITY_LOWER,97.34,100.02,97.96
2026-05-21 09:45:00+00:00,MCL,PRIORITY_LOWER,97.75,100.0,97.92
2026-05-21 10:00:00+00:00,MCL,PRIORITY_LOWER,97.6,100.04,97.73
2026-05-21 10:00:00+00:00,MCL,CROSS_LOWER,97.64,100.04,97.74
2026-05-21 10:30:00+00:00,MGC,CROSS_LOWER,4511.8,4540.39,4515.79
2026-05-21 10:30:00+00:00,SIL,CROSS_LOWER,75.03,75.96,75.08
2026-05-21 10:30:00+00:00,MCL,CROSS_UPPER,100.68,100.29,97.66
2026-05-21 10:45:00+00:00,MCL,PRIORITY_UPPER,100.65,100.46,97.61
2026-05-21 10:45:00+00:00,MGC,CROSS_LOWER,4511.9,4540.27,4514.87
2026-05-21 10:45:00+00:00,SIL,CROSS_LOWER,75.02,75.94,75.05
2026-05-21 11:00:00+00:00,MCL,PRIORITY_UPPER,101.01,100.75,97.51
2026-05-21 11:00:00+00:00,MCL,CROSS_UPPER,100.82,100.72,97.53
2026-05-21 12:15:00+00:00,MGC,CROSS_LOWER,4505.9,4539.65,4508.47
2026-05-21 12:45:00+00:00,MGC,CROSS_LOWER,4506.6,4539.87,4506.86
2026-05-21 13:00:00+00:00,MGC,CROSS_LOWER,4502.8,4539.14,4504.18
2026-05-21 13:15:00+00:00,MGC,CROSS_LOWER,4501.2,4537.78,4501.98
2026-05-21 13:30:00+00:00,MGC,CROSS_LOWER,4497.9,4537.02,4499.48
2026-05-21 13:45:00+00:00,SIL,CROSS_UPPER,75.91,75.85,74.86
2026-05-21 15:00:00+00:00,SIL,CROSS_UPPER,75.7,75.6,74.94
2026-05-21 15:15:00+00:00,SIL,PRIORITY_UPPER,75.75,75.66,74.93
2026-05-21 15:30:00+00:00,SIL,CROSS_UPPER,75.7,75.68,74.94
2026-05-21 15:45:00+00:00,SIL,CROSS_UPPER,75.75,75.72,74.97
2026-05-21 16:00:00+00:00,MGC,CROSS_UPPER,4517.8,4517.7,4501.72
2026-05-21 16:00:00+00:00,SIL,PRIORITY_UPPER,76.19,75.88,74.92
2026-05-22 04:00:00+00:00,MCL,CROSS_LOWER,97.22,98.18,97.44
2026-05-22 04:15:00+00:00,MCL,PRIORITY_LOWER,97.26,98.2,97.39
2026-05-22 04:15:00+00:00,MGC,CROSS_LOWER,4528.9,4546.5,4529.17
2026-05-22 04:30:00+00:00,MCL,PRIORITY_LOWER,97.31,98.2,97.33
2026-05-22 04:30:00+00:00,MCL,CROSS_LOWER,97.25,98.2,97.32
2026-05-22 05:30:00+00:00,SIL,CROSS_UPPER,77.3,77.19,76.57
2026-05-22 05:45:00+00:00,SIL,CROSS_UPPER,77.19,77.17,76.58
2026-05-22 05:45:00+00:00,MGC,CROSS_LOWER,4522.3,4541.83,4523.73
2026-05-22 06:00:00+00:00,MGC,PRIORITY_LOWER,4513.3,4542.5,4518.99
2026-05-22 05:45:00+00:00,SIL,CROSS_LOWER,76.19,77.18,76.47
2026-05-22 06:00:00+00:00,SIL,PRIORITY_LOWER,76.26,77.17,76.4
2026-05-22 05:45:00+00:00,MCL,CROSS_UPPER,98.38,98.24,97.28
2026-05-22 06:00:00+00:00,MCL,PRIORITY_UPPER,98.67,98.38,97.24
2026-05-22 06:00:00+00:00,MCL,CROSS_UPPER,98.32,98.31,97.28
2026-05-22 06:15:00+00:00,MGC,CROSS_LOWER,4518.4,4540.17,4519.66
2026-05-22 06:45:00+00:00,MCL,CROSS_UPPER,98.3,98.22,97.15
2026-05-22 07:00:00+00:00,SIL,CROSS_LOWER,76.28,77.06,76.32
2026-05-22 07:00:00+00:00,MCL,CROSS_UPPER,98.52,98.28,97.13
2026-05-22 07:15:00+00:00,MCL,PRIORITY_UPPER,98.46,98.36,97.11
2026-05-22 07:30:00+00:00,SIL,CROSS_LOWER,76.21,77.07,76.27
2026-05-22 07:30:00+00:00,MCL,CROSS_UPPER,98.72,98.46,97.11
2026-05-22 07:30:00+00:00,MGC,CROSS_LOWER,4517.5,4533.68,4518.15
2026-05-22 07:45:00+00:00,SIL,PRIORITY_LOWER,76.14,77.09,76.21
2026-05-22 07:45:00+00:00,MCL,PRIORITY_UPPER,98.68,98.55,97.12
2026-05-22 07:45:00+00:00,SIL,CROSS_LOWER,76.22,77.08,76.22
2026-05-22 08:30:00+00:00,SIL,CROSS_LOWER,76.06,77.09,76.13
2026-05-22 08:30:00+00:00,MCL,CROSS_UPPER,99.21,98.83,97.2
2026-05-22 09:00:00+00:00,MCL,CROSS_UPPER,98.96,98.92,97.38
2026-05-22 09:00:00+00:00,SIL,CROSS_LOWER,76.01,77.04,76.06
2026-05-22 09:15:00+00:00,SIL,CROSS_LOWER,75.93,77.01,75.99
2026-05-22 09:45:00+00:00,MGC,CROSS_UPPER,4531.9,4531.89,4517.09
2026-05-22 10:00:00+00:00,MGC,CROSS_UPPER,4533.4,4532.96,4516.81
2026-05-22 10:30:00+00:00,MGC,CROSS_LOWER,4513.6,4532.06,4515.56
2026-05-22 10:45:00+00:00,MGC,PRIORITY_LOWER,4513.6,4531.93,4515.81
2026-05-22 10:45:00+00:00,MGC,CROSS_LOWER,4514.9,4531.81,4516.06
2026-05-22 11:15:00+00:00,MGC,CROSS_LOWER,4513.5,4531.85,4514.26
2026-05-22 11:30:00+00:00,MCL,CROSS_LOWER,97.7,98.91,97.98
2026-05-22 11:45:00+00:00,MCL,PRIORITY_LOWER,97.61,98.95,97.91
2026-05-22 11:45:00+00:00,MCL,CROSS_LOWER,97.52,98.96,97.88
2026-05-22 12:00:00+00:00,MCL,PRIORITY_LOWER,97.62,98.98,97.78
2026-05-22 12:00:00+00:00,MCL,CROSS_LOWER,97.54,98.98,97.76
2026-05-22 12:15:00+00:00,SIL,PRIORITY_UPPER,76.53,76.45,76.02
2026-05-22 12:15:00+00:00,MCL,PRIORITY_LOWER,96.61,99.32,97.14
2026-05-22 12:30:00+00:00,MCL,PRIORITY_LOWER,96.55,99.34,96.91
2026-05-22 12:30:00+00:00,SIL,CROSS_LOWER,75.9,76.42,75.98
2026-05-22 12:30:00+00:00,MCL,CROSS_LOWER,96.72,99.32,96.94
2026-05-22 12:45:00+00:00,MCL,CROSS_LOWER,96.75,99.31,96.78
2026-05-22 12:45:00+00:00,SIL,CROSS_UPPER,76.5,76.44,76.0
2026-05-22 13:00:00+00:00,SIL,PRIORITY_UPPER,76.57,76.48,75.98
2026-05-22 13:00:00+00:00,SIL,CROSS_UPPER,76.77,76.53,75.95
2026-05-22 13:15:00+00:00,SIL,PRIORITY_UPPER,76.66,76.54,75.96
2026-05-22 13:00:00+00:00,MCL,CROSS_LOWER,96.16,99.36,96.43
2026-05-22 13:15:00+00:00,MCL,CROSS_LOWER,96.03,99.36,96.2
2026-05-22 14:00:00+00:00,MGC,CROSS_LOWER,4507.0,4532.7,4510.65
2026-05-22 14:15:00+00:00,MGC,PRIORITY_LOWER,4499.3,4534.97,4505.59
2026-05-22 14:00:00+00:00,SIL,CROSS_LOWER,75.68,76.55,75.91
2026-05-22 14:15:00+00:00,SIL,PRIORITY_LOWER,75.81,76.56,75.87
2026-05-22 14:15:00+00:00,SIL,CROSS_LOWER,75.59,76.58,75.83
2026-05-22 14:30:00+00:00,MGC,PRIORITY_LOWER,4499.0,4535.16,4502.73
2026-05-22 14:30:00+00:00,SIL,PRIORITY_LOWER,75.57,76.61,75.73
2026-05-22 14:30:00+00:00,MGC,CROSS_LOWER,4502.9,4534.83,4503.45
2026-05-22 14:45:00+00:00,SIL,CROSS_LOWER,75.64,76.58,75.7
2026-05-22 14:45:00+00:00,MGC,CROSS_LOWER,4501.4,4533.42,4501.93
2026-05-22 15:00:00+00:00,SIL,CROSS_LOWER,75.63,76.56,75.63
2026-05-22 17:30:00+00:00,MCL,PRIORITY_LOWER,95.06,98.11,95.69
2026-05-22 17:30:00+00:00,MCL,CROSS_LOWER,95.83,98.03,95.84
2026-05-22 17:45:00+00:00,MCL,PRIORITY_LOWER,95.67,98.07,95.73
2026-05-22 16:30:00-04:00,MGC,CROSS_LOWER,4506.2,4525.05,4507.35
2026-05-22 16:30:00-04:00,SIL,CROSS_LOWER,75.78,76.55,75.83
2026-05-26 00:00:00-04:00,MGC,PRIORITY_UPPER,4542.9,4530.09,4504.78
2026-05-26 00:00:00-04:00,SIL,PRIORITY_UPPER,77.19,76.72,75.74
2026-05-26 00:15:00-04:00,MGC,PRIORITY_UPPER,4538.9,4531.35,4504.41
2026-05-26 00:15:00-04:00,SIL,PRIORITY_UPPER,77.03,76.77,75.73
2026-05-26 00:30:00-04:00,MGC,REVERSAL_BREAK_UPPER,4532.7,4531.88,4504.96
2026-05-26 00:30:00-04:00,MGC,CROSS_UPPER,4532.7,4531.88,4504.96
2026-05-26 00:30:00-04:00,SIL,PRIORITY_UPPER,76.9,76.82,75.73
2026-05-26 00:30:00-04:00,MGC,REVERSAL_CLOSE_UPPER,4531.2,4531.62,4505.07
2026-05-26 00:30:00-04:00,SIL,CROSS_UPPER,76.83,76.81,75.73
2026-05-26 01:15:00-04:00,SIL,CROSS_UPPER,76.96,76.96,75.72
2026-05-26 01:30:00-04:00,SIL,CROSS_UPPER,77.07,77.05,75.7
2026-05-26 04:30:00-04:00,MGC,PRIORITY_LOWER,4521.9,4536.4,4522.86
2026-05-26 04:30:00-04:00,MGC,CROSS_LOWER,4521.0,4536.48,4522.69
2026-05-26 04:30:00-04:00,SIL,CROSS_LOWER,76.36,77.04,76.38
2026-05-26 04:45:00-04:00,MCL,PRIORITY_UPPER,93.37,93.02,91.47
2026-05-26 04:45:00-04:00,MGC,CROSS_LOWER,4522.5,4536.24,4523.32
2026-05-26 04:45:00-04:00,SIL,CROSS_LOWER,76.32,77.02,76.43
2026-05-26 05:00:00-04:00,SIL,PRIORITY_LOWER,76.31,76.99,76.38
2026-05-26 05:00:00-04:00,MCL,PRIORITY_UPPER,93.16,93.1,91.52
2026-05-26 05:00:00-04:00,SIL,CROSS_LOWER,76.32,76.99,76.39
2026-05-26 05:00:00-04:00,MGC,CROSS_LOWER,4520.7,4535.19,4522.83
2026-05-26 05:15:00-04:00,MGC,PRIORITY_LOWER,4519.8,4535.09,4521.61
2026-05-26 05:15:00-04:00,SIL,PRIORITY_LOWER,76.26,76.98,76.32
2026-05-26 05:15:00-04:00,MCL,CROSS_UPPER,93.2,93.19,91.56
2026-05-26 05:30:00-04:00,MGC,CROSS_LOWER,4517.8,4535.29,4521.05
2026-05-26 05:30:00-04:00,SIL,CROSS_LOWER,76.28,76.97,76.3
2026-05-26 05:45:00-04:00,MGC,PRIORITY_LOWER,4514.7,4536.48,4518.3
2026-05-26 05:45:00-04:00,SIL,PRIORITY_LOWER,76.0,77.02,76.15
2026-05-26 05:45:00-04:00,MGC,CROSS_LOWER,4518.5,4536.12,4519.04
2026-05-26 08:15:00-04:00,MGC,CROSS_LOWER,4506.3,4537.85,4509.27
2026-05-26 08:15:00-04:00,SIL,CROSS_LOWER,76.08,76.73,76.12
2026-05-26 08:30:00-04:00,SIL,CROSS_LOWER,75.94,76.74,76.05
2026-05-26 08:30:00-04:00,MGC,CROSS_LOWER,4504.3,4538.03,4506.82
2026-05-26 08:45:00-04:00,SIL,PRIORITY_LOWER,75.95,76.72,76.0
2026-05-26 09:30:00-04:00,SIL,CROSS_UPPER,76.93,76.79,76.03
2026-05-26 09:45:00-04:00,MCL,CROSS_UPPER,93.86,93.41,91.97
2026-05-26 10:00:00-04:00,MCL,PRIORITY_UPPER,94.39,93.74,91.81
2026-05-26 10:00:00-04:00,MCL,CROSS_UPPER,93.75,93.6,91.89
2026-05-26 10:15:00-04:00,MCL,PRIORITY_UPPER,93.83,93.73,91.85
2026-05-26 10:15:00-04:00,MCL,CROSS_UPPER,93.83,93.73,91.85
2026-05-26 10:30:00-04:00,SIL,CROSS_UPPER,76.82,76.81,76.12
2026-05-27 02:30:00-04:00,MGC,PRIORITY_LOWER,4486.6,4514.14,4490.56
2026-05-27 02:45:00-04:00,MGC,PRIORITY_LOWER,4486.0,4512.94,4488.82
2026-05-27 02:30:00-04:00,SIL,PRIORITY_LOWER,75.44,77.79,75.79
2026-05-27 02:45:00-04:00,SIL,PRIORITY_LOWER,75.4,77.73,75.63
2026-05-27 02:45:00-04:00,MGC,CROSS_LOWER,4487.9,4512.77,4489.18
2026-05-27 03:00:00-04:00,MGC,PRIORITY_LOWER,4485.3,4512.54,4486.67
2026-05-27 03:00:00-04:00,SIL,CROSS_LOWER,75.42,77.69,75.48
2026-05-27 02:45:00-04:00,MCL,CROSS_LOWER,91.54,92.74,91.55
2026-05-27 03:00:00-04:00,MGC,CROSS_LOWER,4486.0,4512.75,4486.75
2026-05-27 03:00:00-04:00,SIL,REVERSAL_BREAK_LOWER,75.52,77.69,75.5
2026-05-27 03:00:00-04:00,SIL,REVERSAL_CLOSE_LOWER,75.52,77.69,75.5
2026-05-27 03:00:00-04:00,MCL,CROSS_LOWER,91.24,92.68,91.45
2026-05-27 03:15:00-04:00,MGC,PRIORITY_LOWER,4479.8,4512.85,4483.04
2026-05-27 03:15:00-04:00,SIL,CROSS_LOWER,75.3,77.66,75.32
2026-05-27 03:15:00-04:00,MCL,PRIORITY_LOWER,91.32,92.57,91.41
2026-05-27 03:15:00-04:00,MCL,CROSS_LOWER,91.11,92.6,91.37
2026-05-27 03:30:00-04:00,MCL,PRIORITY_LOWER,91.12,92.51,91.3
2026-05-27 03:30:00-04:00,MGC,CROSS_UPPER,4515.1,4514.1,4483.63
2026-05-27 03:45:00-04:00,MCL,PRIORITY_LOWER,91.04,92.45,91.2
2026-05-27 03:45:00-04:00,SIL,CROSS_LOWER,74.96,77.56,75.03
2026-05-27 03:45:00-04:00,MCL,CROSS_LOWER,91.12,92.44,91.21
2026-05-27 04:00:00-04:00,MCL,CROSS_LOWER,91.18,92.32,91.18
2026-06-01 21:45:00-04:00,MGC,CROSS_LOWER,4505.0,4519.61,4508.18
2026-06-02 00:00:00-04:00,MGC,PRIORITY_UPPER,4533.3,4523.55,4506.23
2026-06-01 21:45:00-04:00,MCL,CROSS_LOWER,91.69,92.51,91.77
2026-06-02 00:00:00-04:00,MCL,PRIORITY_LOWER,91.39,92.53,91.65
2026-06-01 22:00:00-04:00,MGC,CROSS_LOWER,4503.7,4520.23,4506.45
2026-06-01 22:00:00-04:00,MCL,PRIORITY_LOWER,91.54,92.51,91.68
2026-06-02 00:15:00-04:00,MGC,PRIORITY_UPPER,4536.5,4528.04,4503.21
2026-06-02 00:15:00-04:00,MCL,PRIORITY_LOWER,91.25,92.55,91.46
2026-06-02 00:30:00-04:00,MGC,PRIORITY_UPPER,4535.5,4530.14,4504.28
2026-06-02 00:30:00-04:00,MCL,PRIORITY_LOWER,91.31,92.56,91.43
2026-06-02 00:30:00-04:00,SIL,CROSS_UPPER,75.99,75.94,74.93
2026-06-02 00:30:00-04:00,MCL,CROSS_LOWER,91.4,92.5,91.41
2026-06-02 00:45:00-04:00,MGC,PRIORITY_UPPER,4541.4,4535.1,4501.34
2026-06-02 00:45:00-04:00,SIL,CROSS_UPPER,76.02,76.02,74.95
2026-06-02 00:45:00-04:00,MCL,CROSS_LOWER,91.33,92.47,91.33
2026-06-02 00:45:00-04:00,MCL,PRIORITY_LOWER,91.29,92.52,91.36
2026-06-02 01:00:00-04:00,MGC,PRIORITY_UPPER,4546.8,4540.15,4501.37
2026-06-02 01:00:00-04:00,MCL,PRIORITY_LOWER,91.23,92.49,91.26
2026-06-02 01:00:00-04:00,SIL,CROSS_UPPER,76.1,76.1,74.97
2026-06-02 01:15:00-04:00,MGC,PRIORITY_UPPER,4548.1,4544.1,4501.31
2026-06-02 01:30:00-04:00,MGC,PRIORITY_UPPER,4555.2,4549.11,4499.58
2026-06-02 01:15:00-04:00,SIL,CROSS_UPPER,76.33,76.21,75.0
2026-06-02 01:30:00-04:00,SIL,CROSS_UPPER,76.86,76.41,74.96
2026-06-02 01:30:00-04:00,MCL,CROSS_LOWER,91.1,92.34,91.13
2026-06-02 01:45:00-04:00,MGC,PRIORITY_UPPER,4554.4,4552.23,4501.58
2026-06-02 01:45:00-04:00,SIL,PRIORITY_UPPER,77.01,76.63,74.94
2026-06-02 02:00:00-04:00,SIL,PRIORITY_UPPER,76.83,76.7,74.99
2026-06-02 02:15:00-04:00,SIL,REVERSAL_BREAK_UPPER,76.75,76.79,75.03
2026-06-02 02:15:00-04:00,SIL,CROSS_UPPER,76.89,76.81,75.02
2026-06-02 02:15:00-04:00,MGC,CROSS_UPPER,4557.6,4556.97,4503.45
2026-06-02 02:30:00-04:00,MGC,PRIORITY_UPPER,4565.5,4562.24,4503.92
2026-06-02 02:30:00-04:00,SIL,PRIORITY_UPPER,77.02,76.97,75.05
2026-06-02 02:30:00-04:00,SIL,CROSS_UPPER,77.0,76.97,75.02
2026-06-02 02:45:00-04:00,MGC,REVERSAL_BREAK_UPPER,4564.3,4565.33,4505.58
2026-06-02 02:30:00-04:00,MGC,CROSS_UPPER,4563.0,4562.37,4502.34
2026-06-02 02:45:00-04:00,SIL,CROSS_UPPER,77.1,77.08,75.1
2026-06-02 03:00:00-04:00,MGC,CROSS_UPPER,4570.1,4568.4,4511.91
2026-06-02 03:30:00-04:00,MCL,CROSS_LOWER,90.99,91.69,91.06
2026-06-02 03:45:00-04:00,MCL,CROSS_LOWER,90.93,91.65,91.02
2026-06-02 04:00:00-04:00,MCL,PRIORITY_LOWER,90.75,91.63,90.93
2026-06-02 04:00:00-04:00,MCL,CROSS_LOWER,90.96,91.6,90.97
2026-06-02 04:15:00-04:00,MCL,CROSS_LOWER,90.76,91.58,90.91
2026-06-02 04:30:00-04:00,MCL,CROSS_LOWER,90.65,91.57,90.87
2026-06-02 04:45:00-04:00,MCL,PRIORITY_LOWER,90.49,91.6,90.73
2026-06-02 05:00:00-04:00,MCL,REVERSAL_BREAK_LOWER,90.63,91.58,90.7
2026-06-02 05:00:00-04:00,MCL,CROSS_LOWER,90.63,91.58,90.7
2026-06-02 05:15:00-04:00,MCL,PRIORITY_LOWER,90.5,91.59,90.6
2026-06-02 05:15:00-04:00,MCL,CROSS_LOWER,90.19,91.62,90.53
2026-06-02 06:15:00-04:00,SIL,CROSS_LOWER,76.58,77.2,76.58
2026-06-02 08:30:00-04:00,MGC,CROSS_LOWER,4554.3,4563.75,4554.48
2026-06-02 08:45:00-04:00,MGC,CROSS_LOWER,4549.2,4563.52,4553.14
2026-06-02 08:45:00-04:00,SIL,CROSS_LOWER,76.39,77.02,76.44
2026-06-02 09:00:00-04:00,MGC,PRIORITY_LOWER,4545.7,4564.28,4549.93
2026-06-02 09:00:00-04:00,MCL,CROSS_UPPER,91.36,91.35,90.59
2026-06-02 09:00:00-04:00,MGC,CROSS_LOWER,4545.9,4564.25,4549.98
2026-06-02 09:15:00-04:00,MGC,PRIORITY_LOWER,4543.7,4564.78,4547.46
2026-06-02 09:15:00-04:00,SIL,CROSS_LOWER,76.38,76.9,76.42
2026-06-02 09:15:00-04:00,MCL,PRIORITY_UPPER,91.85,91.55,90.5
2026-06-02 09:30:00-04:00,MGC,PRIORITY_LOWER,4537.0,4566.04,4543.64
2026-06-02 09:30:00-04:00,SIL,PRIORITY_LOWER,76.14,76.91,76.31
2026-06-02 09:30:00-04:00,MCL,PRIORITY_UPPER,92.24,91.81,90.44
2026-06-02 09:30:00-04:00,MGC,CROSS_LOWER,4538.0,4565.91,4543.87
2026-06-02 09:45:00-04:00,MGC,PRIORITY_LOWER,4539.1,4566.18,4541.81
2026-06-02 09:45:00-04:00,MCL,PRIORITY_UPPER,92.23,91.96,90.45
2026-06-02 09:45:00-04:00,MGC,CROSS_LOWER,4541.5,4565.98,4542.25
2026-06-02 09:45:00-04:00,SIL,CROSS_LOWER,76.26,76.88,76.33
2026-06-02 10:00:00-04:00,MGC,PRIORITY_LOWER,4531.2,4566.86,4537.18
2026-06-02 10:00:00-04:00,SIL,PRIORITY_LOWER,76.07,76.89,76.23
2026-06-02 10:00:00-04:00,MCL,PRIORITY_UPPER,92.35,92.11,90.48
2026-06-02 10:00:00-04:00,SIL,CROSS_LOWER,76.21,76.87,76.26
2026-06-02 10:00:00-04:00,MCL,CROSS_UPPER,92.28,92.1,90.49
2026-06-02 10:15:00-04:00,MGC,PRIORITY_LOWER,4532.8,4566.68,4535.2
2026-06-02 10:15:00-04:00,SIL,PRIORITY_LOWER,76.04,76.89,76.17
2026-06-02 10:15:00-04:00,MGC,CROSS_LOWER,4524.9,4567.54,4533.55
2026-06-02 10:15:00-04:00,SIL,CROSS_LOWER,75.78,76.92,76.11
2026-06-02 10:15:00-04:00,MCL,CROSS_UPPER,92.24,92.16,90.56
2026-06-02 10:30:00-04:00,MGC,PRIORITY_LOWER,4526.7,4567.76,4530.44
2026-06-02 10:30:00-04:00,SIL,PRIORITY_LOWER,75.86,76.94,76.01
2026-06-02 10:30:00-04:00,MGC,CROSS_LOWER,4530.8,4567.42,4531.19
2026-06-02 10:30:00-04:00,SIL,CROSS_LOWER,76.0,76.93,76.04
2026-06-02 11:45:00-04:00,MCL,CROSS_UPPER,92.64,92.54,90.76
2026-06-02 12:00:00-04:00,MCL,PRIORITY_UPPER,92.86,92.72,90.79
2026-06-02 12:00:00-04:00,MCL,CROSS_UPPER,92.76,92.7,90.8
2026-06-02 12:15:00-04:00,MCL,CROSS_UPPER,92.88,92.83,90.85
2026-06-02 12:15:00-04:00,SIL,CROSS_LOWER,75.81,76.78,75.82
2026-06-02 12:15:00-04:00,MGC,CROSS_LOWER,4519.7,4556.89,4521.64
2026-06-02 12:30:00-04:00,MGC,CROSS_LOWER,4519.1,4555.16,4519.63
2026-06-02 12:30:00-04:00,SIL,CROSS_LOWER,75.75,76.75,75.75
2026-06-02 12:30:00-04:00,MCL,PRIORITY_UPPER,93.14,93.04,90.88
2026-06-02 12:45:00-04:00,MCL,CROSS_UPPER,93.22,93.2,90.96
2026-06-02 13:00:00-04:00,MCL,REVERSAL_BREAK_UPPER,93.0,93.24,91.14
2026-06-02 13:00:00-04:00,MCL,REVERSAL_CLOSE_UPPER,93.0,93.24,91.14
2026-06-02 13:00:00-04:00,MGC,CROSS_LOWER,4516.9,4550.19,4517.08
2026-06-02 13:00:00-04:00,MCL,CROSS_UPPER,93.4,93.3,91.11
2026-06-02 13:15:00-04:00,MGC,CROSS_LOWER,4517.0,4546.24,4517.05
2026-06-02 13:15:00-04:00,SIL,CROSS_LOWER,75.58,76.56,75.62
2026-06-02 13:15:00-04:00,MCL,CROSS_UPPER,93.56,93.39,91.29
2026-06-02 13:30:00-04:00,MCL,PRIORITY_UPPER,93.61,93.53,91.4
2026-06-02 13:30:00-04:00,MGC,CROSS_LOWER,4517.4,4542.5,4517.44
2026-06-02 13:30:00-04:00,SIL,CROSS_LOWER,75.44,76.47,75.59
2026-06-02 13:45:00-04:00,MGC,PRIORITY_LOWER,4514.4,4541.25,4515.4
2026-06-02 13:45:00-04:00,SIL,PRIORITY_LOWER,75.42,76.45,75.51
2026-06-02 13:45:00-04:00,MCL,REVERSAL_BREAK_UPPER,93.52,93.59,91.57
2026-06-02 13:45:00-04:00,MCL,REVERSAL_CLOSE_UPPER,93.52,93.59,91.57
2026-06-02 13:45:00-04:00,MGC,CROSS_LOWER,4514.9,4541.21,4515.49
2026-06-02 13:45:00-04:00,MCL,CROSS_UPPER,93.69,93.61,91.56
2026-06-02 14:00:00-04:00,SIL,REVERSAL_BREAK_LOWER,75.47,76.4,75.46
2026-06-02 14:00:00-04:00,SIL,REVERSAL_CLOSE_LOWER,75.47,76.4,75.46
2026-06-02 14:00:00-04:00,SIL,CROSS_LOWER,75.44,76.4,75.45
2026-06-02 14:15:00-04:00,SIL,CROSS_LOWER,75.35,76.38,75.38
2026-06-02 14:30:00-04:00,SIL,CROSS_LOWER,75.24,76.32,75.34
2026-06-04 07:00:00-04:00,MGC,CROSS_UPPER,4501.3,4500.78,4487.35
2026-06-04 07:15:00-04:00,MGC,CROSS_UPPER,4505.6,4501.99,4486.8
2026-06-04 07:15:00-04:00,MCL,CROSS_LOWER,94.14,95.48,94.42
2026-06-04 07:15:00-04:00,SIL,CROSS_UPPER,74.1,73.87,73.22
2026-06-04 07:30:00-04:00,MGC,PRIORITY_UPPER,4519.8,4509.36,4482.97
2026-06-04 07:30:00-04:00,SIL,PRIORITY_UPPER,74.24,73.99,73.23
2026-06-04 07:30:00-04:00,MCL,PRIORITY_LOWER,93.79,95.57,94.16
2026-06-04 07:30:00-04:00,MCL,CROSS_LOWER,93.6,95.6,94.11
2026-06-04 07:30:00-04:00,SIL,CROSS_UPPER,74.25,73.99,73.23
2026-06-04 07:45:00-04:00,MGC,PRIORITY_UPPER,4530.1,4515.34,4480.53
2026-06-04 07:45:00-04:00,SIL,PRIORITY_UPPER,74.49,74.14,73.19
2026-06-04 08:00:00-04:00,MGC,PRIORITY_UPPER,4540.8,4524.82,4476.93
2026-06-04 08:00:00-04:00,SIL,PRIORITY_UPPER,74.86,74.44,73.09
2026-06-04 08:00:00-04:00,SIL,CROSS_UPPER,74.46,74.35,73.13
2026-06-04 08:00:00-04:00,MGC,CROSS_UPPER,4521.5,4520.72,4479.1
2026-06-04 08:15:00-04:00,SIL,CROSS_UPPER,74.44,74.42,73.17
2026-06-04 08:15:00-04:00,MGC,CROSS_UPPER,4524.4,4523.67,4479.34
2026-06-04 08:15:00-04:00,MCL,PRIORITY_LOWER,92.78,95.89,92.99
2026-06-04 08:30:00-04:00,MGC,CROSS_UPPER,4527.6,4527.03,4480.06
2026-06-04 08:30:00-04:00,SIL,PRIORITY_UPPER,74.7,74.57,73.17
2026-06-04 08:30:00-04:00,MCL,PRIORITY_LOWER,92.64,95.83,92.78
2026-06-04 08:30:00-04:00,SIL,CROSS_UPPER,74.64,74.56,73.17
2026-06-04 08:45:00-04:00,SIL,CROSS_UPPER,74.69,74.66,73.2
2026-06-04 08:45:00-04:00,MGC,CROSS_UPPER,4536.0,4531.47,4480.58
2026-06-04 08:45:00-04:00,MCL,CROSS_LOWER,92.62,95.72,92.63
2026-06-04 09:00:00-04:00,SIL,CROSS_UPPER,74.78,74.77,73.24
2026-06-04 09:00:00-04:00,MGC,CROSS_UPPER,4536.3,4534.24,4482.22
2026-06-04 09:00:00-04:00,MCL,CROSS_LOWER,92.41,95.61,92.44
2026-06-04 09:15:00-04:00,SIL,PRIORITY_UPPER,75.14,74.95,73.24
2026-06-04 09:30:00-04:00,MGC,CROSS_UPPER,4542.6,4539.68,4485.63
2026-06-04 09:30:00-04:00,SIL,CROSS_UPPER,75.12,75.04,73.29
2026-06-04 10:45:00-04:00,MGC,CROSS_LOWER,4492.3,4539.94,4493.53
2026-06-04 11:00:00-04:00,MGC,CROSS_LOWER,4491.7,4540.28,4492.6
2026-06-04 12:45:00-04:00,MCL,CROSS_LOWER,92.39,93.13,92.39
2026-06-04 13:00:00-04:00,MCL,CROSS_LOWER,92.37,93.13,92.39
2026-06-04 13:15:00-04:00,MCL,PRIORITY_LOWER,92.29,93.15,92.33
2026-06-04 23:15:00-04:00,MGC,CROSS_LOWER,4463.0,4500.0,4465.34
2026-06-04 21:15:00-04:00,MGC,CROSS_LOWER,4476.3,4510.3,4481.54
2026-06-04 23:45:00-04:00,MGC,PRIORITY_LOWER,4466.6,4510.95,4476.99
2026-06-04 21:15:00-04:00,SIL,PRIORITY_LOWER,72.76,74.61,73.37
2026-06-04 23:45:00-04:00,SIL,PRIORITY_LOWER,72.83,74.63,73.2
2026-06-05 02:45:00-04:00,MGC,CROSS_UPPER,4479.7,4476.57,4462.87
2026-06-05 03:00:00-04:00,MGC,PRIORITY_UPPER,4479.1,4477.16,4462.61
2026-06-05 02:45:00-04:00,MCL,CROSS_LOWER,92.76,93.41,92.77
2026-06-05 03:00:00-04:00,MCL,CROSS_LOWER,92.47,93.43,92.68
2026-06-05 03:15:00-04:00,MGC,PRIORITY_UPPER,4487.8,4480.74,4460.68
2026-06-05 03:15:00-04:00,MCL,PRIORITY_LOWER,92.3,93.45,92.55
2026-06-05 03:30:00-04:00,MGC,PRIORITY_UPPER,4492.4,4485.65,4458.74
2026-06-05 03:30:00-04:00,MCL,PRIORITY_LOWER,92.09,93.47,92.37
2026-06-05 03:30:00-04:00,MCL,CROSS_LOWER,92.39,93.44,92.43
2026-06-05 03:45:00-04:00,MGC,PRIORITY_UPPER,4490.2,4487.29,4459.07
2026-06-05 03:45:00-04:00,MCL,CROSS_LOWER,92.37,93.38,92.39
2026-06-05 04:00:00-04:00,MGC,REVERSAL_BREAK_UPPER,4486.8,4488.38,4459.68
2026-06-05 04:00:00-04:00,MGC,REVERSAL_CLOSE_UPPER,4486.8,4488.38,4459.68
2026-06-05 04:00:00-04:00,MGC,CROSS_UPPER,4489.0,4488.74,4459.54
2026-06-05 04:15:00-04:00,MGC,CROSS_UPPER,4491.3,4490.48,4460.5
2026-06-05 04:15:00-04:00,MCL,CROSS_LOWER,92.03,93.33,92.3
2026-06-05 04:30:00-04:00,MCL,PRIORITY_LOWER,91.96,93.39,92.06
2026-06-05 04:30:00-04:00,MCL,CROSS_LOWER,92.02,93.39,92.07
2026-06-05 05:15:00-04:00,MCL,CROSS_LOWER,91.98,93.28,91.99
2026-06-05 07:15:00-04:00,MCL,CROSS_UPPER,93.21,93.18,92.06
2026-06-05 07:45:00-04:00,MGC,CROSS_UPPER,4495.5,4495.22,4487.11
2026-06-05 07:45:00-04:00,SIL,CROSS_UPPER,73.17,73.07,72.66
2026-06-05 08:00:00-04:00,MGC,PRIORITY_UPPER,4497.0,4495.98,4487.66
2026-06-05 08:00:00-04:00,SIL,PRIORITY_UPPER,73.24,73.12,72.66
2026-06-05 08:00:00-04:00,SIL,CROSS_UPPER,73.11,73.09,72.68
2026-06-05 08:00:00-04:00,MGC,CROSS_UPPER,4496.0,4495.8,4487.74
2026-06-05 08:15:00-04:00,SIL,PRIORITY_UPPER,73.33,73.2,72.64
2026-06-05 08:30:00-04:00,MGC,CROSS_LOWER,4477.0,4497.31,4484.74
2026-06-05 08:30:00-04:00,SIL,REVERSAL_BREAK_UPPER,73.1,73.27,72.64
2026-06-05 08:30:00-04:00,SIL,REVERSAL_CLOSE_UPPER,73.1,73.27,72.64
2026-06-05 08:45:00-04:00,MGC,PRIORITY_LOWER,4473.9,4499.57,4480.61
2026-06-05 08:45:00-04:00,SIL,CROSS_LOWER,72.38,73.28,72.56
2026-06-05 08:45:00-04:00,MGC,CROSS_LOWER,4442.7,4506.39,4470.67
2026-06-05 09:00:00-04:00,MGC,PRIORITY_LOWER,4431.3,4513.62,4456.74
2026-06-05 09:00:00-04:00,MCL,CROSS_LOWER,91.86,93.19,92.04
2026-06-05 09:15:00-04:00,MGC,PRIORITY_LOWER,4442.7,4512.62,4453.88
2026-06-05 09:00:00-04:00,SIL,PRIORITY_LOWER,71.44,73.54,72.1
2026-06-05 09:15:00-04:00,SIL,PRIORITY_LOWER,71.39,73.6,71.88
2026-06-05 09:15:00-04:00,MCL,PRIORITY_LOWER,91.91,93.13,92.14
2026-06-05 09:15:00-04:00,MCL,CROSS_LOWER,92.01,93.11,92.17
2026-06-05 09:30:00-04:00,MGC,PRIORITY_LOWER,4428.5,4515.92,4443.33
2026-06-05 09:30:00-04:00,MCL,PRIORITY_LOWER,91.67,93.18,92.04
2026-06-05 09:45:00-04:00,MGC,PRIORITY_LOWER,4413.4,4519.46,4430.77
2026-06-05 09:45:00-04:00,MCL,PRIORITY_LOWER,91.46,93.24,91.83
2026-06-05 09:45:00-04:00,MCL,CROSS_LOWER,91.36,93.25,91.81
2026-06-05 10:00:00-04:00,MGC,PRIORITY_LOWER,4390.2,4524.38,4413.28
2026-06-05 10:00:00-04:00,MCL,PRIORITY_LOWER,91.37,93.28,91.68
2026-06-05 10:15:00-04:00,MGC,PRIORITY_LOWER,4390.3,4524.64,4403.16
2026-06-05 10:15:00-04:00,MCL,PRIORITY_LOWER,91.06,93.38,91.41
2026-06-05 10:30:00-04:00,MGC,PRIORITY_LOWER,4387.1,4523.93,4392.82
2026-06-05 10:15:00-04:00,MCL,CROSS_LOWER,91.32,93.35,91.46
2026-06-05 10:30:00-04:00,MCL,CROSS_LOWER,91.17,93.34,91.3
2026-06-05 10:45:00-04:00,MGC,PRIORITY_LOWER,4376.0,4523.39,4380.5
2026-06-05 11:30:00-04:00,MCL,CROSS_LOWER,90.73,93.16,90.81
2026-06-05 11:45:00-04:00,MCL,PRIORITY_LOWER,90.5,93.11,90.61
2026-06-05 12:00:00-04:00,MCL,CROSS_LOWER,90.46,92.99,90.51
2026-06-05 12:15:00-04:00,MCL,CROSS_LOWER,90.21,92.88,90.35
2026-06-23 07:30:00-04:00,MCL,CROSS_UPPER,74.05,74.02,72.86
2026-07-30 01:00:00-04:00,MGC,PRIORITY_LOWER,4101.9,4152.13,4102.8
2026-07-30 01:15:00-04:00,MGC,CROSS_LOWER,4101.1,4152.61,4101.35
2026-09-22 09:00:00-04:00,SIL,CROSS_UPPER,66.41,66.4,65.61
2026-09-22 09:00:00-04:00,MGC,CROSS_UPPER,4378.3,4376.84,4346.94
2026-09-22 09:15:00-04:00,MGC,PRIORITY_UPPER,4378.6,4377.12,4350.82
2026-09-22 09:15:00-04:00,SIL,PRIORITY_UPPER,66.5,66.41,65.73
2026-09-22 09:15:00-04:00,SIL,CROSS_UPPER,66.5,66.41,65.73
2026-09-22 09:30:00-04:00,MGC,CROSS_UPPER,4379.0,4377.56,4351.57
2026-09-22 09:45:00-04:00,MGC,CROSS_UPPER,4380.5,4379.26,4351.19
2026-09-22 09:30:00-04:00,SIL,CROSS_UPPER,66.46,66.41,65.78
2026-09-22 09:45:00-04:00,SIL,CROSS_UPPER,66.46,66.45,65.78
2026-09-22 09:30:00-04:00,MGC,CROSS_UPPER,4379.0,4377.56,4351.57
2026-09-22 09:30:00-04:00,SIL,CROSS_UPPER,66.46,66.41,65.78
2026-09-22 09:45:00-04:00,SIL,CROSS_UPPER,66.52,66.46,65.77
2026-09-22 10:00:00-04:00,MCL,CROSS_UPPER,91.0,90.99,89.47
2026-09-22 10:15:00-04:00,MCL,CROSS_UPPER,91.0,90.89,89.51
2026-09-22 10:30:00-04:00,MCL,CROSS_UPPER,91.01,90.89,89.51
2026-09-22 10:45:00-04:00,MCL,PRIORITY_UPPER,91.46,91.12,89.48
2026-09-22 10:45:00-04:00,MCL,CROSS_UPPER,91.06,91.04,89.52
2026-09-22 11:00:00-04:00,MCL,CROSS_UPPER,91.27,91.16,89.55
2026-09-22 11:00:00-04:00,SIL,CROSS_UPPER,66.46,66.46,65.96
2026-09-22 11:15:00-04:00,SIL,CROSS_UPPER,66.54,66.5,65.96
2026-09-22 11:15:00-04:00,MCL,CROSS_UPPER,91.41,91.29,89.56
2026-09-22 11:30:00-04:00,MCL,CROSS_UPPER,91.7,91.42,89.68
2026-09-22 11:45:00-04:00,MCL,PRIORITY_UPPER,91.69,91.52,89.79
2026-09-22 12:00:00-04:00,MCL,PRIORITY_UPPER,91.75,91.65,89.79
2026-09-22 12:00:00-04:00,MCL,CROSS_UPPER,92.02,91.7,89.76
2026-09-22 12:15:00-04:00,MCL,PRIORITY_UPPER,91.9,91.82,89.8
2026-09-22 12:45:00-04:00,SIL,CROSS_UPPER,66.65,66.53,66.09
2026-09-22 13:00:00-04:00,SIL,PRIORITY_UPPER,66.56,66.54,66.13
2026-09-22 13:00:00-04:00,SIL,CROSS_UPPER,66.64,66.55,66.12
2026-09-22 13:15:00-04:00,SIL,PRIORITY_UPPER,66.62,66.58,66.13
2026-09-22 13:15:00-04:00,SIL,CROSS_UPPER,66.64,66.59,66.12
2026-09-22 13:30:00-04:00,SIL,CROSS_UPPER,66.64,66.61,66.13
2026-09-22 13:45:00-04:00,SIL,CROSS_UPPER,66.69,66.65,66.12
2026-09-22 13:45:00-04:00,MGC,CROSS_UPPER,4386.8,4381.34,4360.58
2026-09-22 13:45:00-04:00,MCL,CROSS_LOWER,89.94,91.96,90.06
2026-09-22 14:00:00-04:00,MGC,PRIORITY_UPPER,4388.1,4383.55,4359.56
2026-09-22 14:00:00-04:00,SIL,PRIORITY_UPPER,67.0,66.8,66.06
2026-09-22 14:00:00-04:00,MCL,PRIORITY_LOWER,89.61,91.98,90.02
2026-09-22 14:15:00-04:00,MGC,PRIORITY_UPPER,4396.7,4389.16,4357.63
2026-09-22 14:15:00-04:00,SIL,PRIORITY_UPPER,67.53,67.11,65.93
2026-09-22 14:15:00-04:00,MCL,PRIORITY_LOWER,89.81,91.99,89.97
2026-09-22 14:30:00-04:00,MGC,PRIORITY_UPPER,4393.3,4390.64,4357.32
2026-09-22 14:30:00-04:00,SIL,PRIORITY_UPPER,67.46,67.22,65.91
2026-09-22 14:30:00-04:00,MGC,CROSS_UPPER,4390.2,4390.09,4357.56
2026-09-22 14:45:00-04:00,SIL,REVERSAL_BREAK_UPPER,67.33,67.28,65.93
2026-09-22 14:45:00-04:00,SIL,CROSS_UPPER,67.33,67.28,65.93
2026-09-22 15:00:00-04:00,SIL,PRIORITY_UPPER,67.47,67.4,65.92
2026-09-22 15:00:00-04:00,MGC,CROSS_UPPER,4395.3,4394.17,4357.63
2026-09-22 15:00:00-04:00,SIL,CROSS_UPPER,67.61,67.43,65.91
2026-09-22 15:15:00-04:00,SIL,PRIORITY_UPPER,67.63,67.55,65.93
2026-09-22 21:00:00-04:00,MGC,CROSS_LOWER,4392.6,4405.0,4394.14
2026-09-22 21:00:00-04:00,MCL,CROSS_UPPER,90.04,90.04,89.42
2026-09-22 21:00:00-04:00,SIL,CROSS_LOWER,67.53,68.03,67.58
2026-09-22 21:15:00-04:00,MGC,PRIORITY_LOWER,4385.3,4406.7,4390.7
2026-09-22 21:15:00-04:00,SIL,PRIORITY_LOWER,67.43,68.05,67.53
2026-09-22 21:15:00-04:00,MCL,PRIORITY_UPPER,90.18,90.12,89.39
2026-09-22 21:30:00-04:00,MGC,PRIORITY_LOWER,4380.1,4407.47,4386.75
2026-09-22 21:30:00-04:00,SIL,PRIORITY_LOWER,67.32,68.06,67.44
2026-09-22 21:30:00-04:00,MCL,REVERSAL_BREAK_UPPER,90.14,90.12,89.49
2026-09-22 21:30:00-04:00,MCL,CROSS_UPPER,90.14,90.12,89.49
2026-09-22 21:30:00-04:00,MCL,REVERSAL_CLOSE_UPPER,90.1,90.11,89.49
2026-09-22 21:45:00-04:00,MGC,PRIORITY_LOWER,4381.3,4407.38,4384.96
2026-09-22 21:45:00-04:00,SIL,PRIORITY_LOWER,67.27,68.08,67.37
2026-09-22 21:45:00-04:00,MCL,PRIORITY_UPPER,90.25,90.19,89.49
2026-09-22 22:00:00-04:00,MGC,PRIORITY_LOWER,4377.7,4408.27,4381.83
2026-09-22 22:00:00-04:00,SIL,PRIORITY_LOWER,67.12,68.12,67.27
2026-09-22 22:15:00-04:00,MGC,PRIORITY_LOWER,4373.7,4409.17,4378.19
2026-09-22 22:15:00-04:00,SIL,PRIORITY_LOWER,66.98,68.16,67.15
2026-09-22 22:30:00-04:00,MGC,REVERSAL_BREAK_LOWER,4374.5,4409.17,4376.14
2026-09-22 22:30:00-04:00,MGC,CROSS_LOWER,4374.5,4409.17,4376.14
2026-09-22 22:30:00-04:00,SIL,PRIORITY_LOWER,67.03,68.17,67.08
2026-09-22 22:30:00-04:00,MGC,PRIORITY_LOWER,4375.3,4409.1,4376.29
2026-09-22 22:30:00-04:00,SIL,CROSS_LOWER,67.07,68.17,67.09
2026-09-22 22:45:00-04:00,SIL,PRIORITY_LOWER,67.0,68.18,67.01
2026-09-22 22:45:00-04:00,MGC,CROSS_LOWER,4372.7,4409.26,4373.65
2026-09-22 22:45:00-04:00,SIL,CROSS_LOWER,66.94,68.18,67.0
2026-09-22 23:00:00-04:00,SIL,CROSS_LOWER,66.9,68.19,66.91
2026-09-22 23:30:00-04:00,MCL,CROSS_LOWER,89.43,90.16,89.47
2026-09-22 23:45:00-04:00,MCL,PRIORITY_LOWER,89.18,90.21,89.34
2026-09-21 23:45:00-04:00,SIL,CROSS_LOWER,66.48,67.14,66.51
2026-09-23 00:00:00-04:00,MCL,PRIORITY_LOWER,89.37,90.16,89.46
2026-09-23 00:00:00-04:00,MCL,CROSS_LOWER,89.11,90.23,89.29
2026-09-23 00:15:00-04:00,MCL,PRIORITY_LOWER,88.97,90.27,89.16
2026-09-23 00:30:00-04:00,MCL,PRIORITY_LOWER,88.99,90.29,89.16
2026-09-23 00:45:00-04:00,MCL,PRIORITY_LOWER,88.95,90.31,89.07
2026-09-23 00:45:00-04:00,MCL,CROSS_LOWER,88.81,90.32,88.97
2026-09-23 01:00:00-04:00,MCL,PRIORITY_LOWER,88.88,90.34,88.97
2026-09-23 01:30:00-04:00,MGC,CROSS_LOWER,4366.8,4387.83,4369.97
2026-09-23 01:45:00-04:00,MGC,PRIORITY_LOWER,4368.3,4385.25,4369.9
2026-09-23 01:30:00-04:00,SIL,CROSS_LOWER,66.68,67.49,66.77
2026-09-23 01:45:00-04:00,SIL,PRIORITY_LOWER,66.73,67.34,66.8
2026-09-23 02:00:00-04:00,SIL,CROSS_LOWER,66.81,67.28,66.81
2026-09-23 02:00:00-04:00,MGC,CROSS_LOWER,4367.5,4384.02,4369.58
2026-09-23 02:15:00-04:00,MGC,PRIORITY_LOWER,4365.0,4384.06,4368.02
2026-09-23 02:15:00-04:00,SIL,PRIORITY_LOWER,66.69,67.26,66.77
2026-09-23 02:15:00-04:00,SIL,CROSS_LOWER,66.74,67.34,66.75
2026-09-23 02:15:00-04:00,MGC,CROSS_LOWER,4367.8,4385.06,4368.03
2026-09-23 02:30:00-04:00,MGC,CROSS_LOWER,4365.9,4384.01,4366.78
2026-09-23 02:30:00-04:00,SIL,CROSS_LOWER,66.7,67.29,66.72
2026-09-23 02:45:00-04:00,SIL,PRIORITY_LOWER,66.62,67.26,66.68
2026-09-23 02:45:00-04:00,SIL,CROSS_LOWER,66.61,67.23,66.69
2026-09-23 03:00:00-04:00,SIL,CROSS_LOWER,66.6,67.23,66.64
2026-09-23 03:00:00-04:00,MGC,CROSS_LOWER,4364.2,4382.79,4365.54
2026-09-23 03:15:00-04:00,MGC,CROSS_LOWER,4363.8,4383.76,4363.95
2026-09-23 03:15:00-04:00,SIL,PRIORITY_LOWER,66.21,67.32,66.43
2026-09-23 03:15:00-04:00,MCL,CROSS_UPPER,90.07,89.95,88.93
2026-09-23 03:30:00-04:00,MGC,CROSS_LOWER,4359.5,4384.34,4361.62
2026-09-23 03:30:00-04:00,SIL,PRIORITY_LOWER,66.1,67.35,66.31
2026-09-23 03:30:00-04:00,MCL,CROSS_UPPER,89.82,89.79,88.94
2026-09-23 03:45:00-04:00,MGC,PRIORITY_LOWER,4359.1,4384.69,4360.08
2026-09-23 03:45:00-04:00,SIL,PRIORITY_LOWER,66.04,67.37,66.19
2026-09-23 03:45:00-04:00,MGC,CROSS_LOWER,4359.9,4384.63,4360.22
2026-09-23 03:45:00-04:00,MCL,CROSS_UPPER,89.94,89.81,88.93
2026-09-23 04:00:00-04:00,MGC,CROSS_LOWER,4356.9,4384.95,4357.67
2026-09-23 04:00:00-04:00,SIL,CROSS_LOWER,65.89,67.38,66.05
2026-09-23 04:00:00-04:00,MCL,CROSS_UPPER,89.99,89.78,88.93
2026-09-23 04:15:00-04:00,SIL,PRIORITY_LOWER,65.91,67.37,65.95
2026-09-23 04:15:00-04:00,MCL,PRIORITY_UPPER,89.96,89.83,88.91
2026-09-23 04:15:00-04:00,SIL,CROSS_LOWER,65.92,67.36,65.95
2026-09-23 04:30:00-04:00,MCL,PRIORITY_UPPER,90.25,90.03,88.85
2026-09-23 04:30:00-04:00,MGC,CROSS_LOWER,4353.8,4384.33,4353.91
2026-09-23 04:45:00-04:00,MCL,PRIORITY_UPPER,90.17,90.11,88.85
2026-09-23 07:15:00-04:00,MGC,CROSS_LOWER,4347.0,4364.88,4347.69
2026-09-23 07:15:00-04:00,MCL,CROSS_UPPER,90.34,90.3,89.42
2026-09-23 07:30:00-04:00,MGC,PRIORITY_LOWER,4340.5,4363.56,4345.54
2026-09-23 07:30:00-04:00,SIL,CROSS_LOWER,65.49,66.26,65.52
2026-09-23 07:30:00-04:00,MCL,PRIORITY_UPPER,90.56,90.42,89.45
2026-09-23 07:45:00-04:00,MGC,PRIORITY_LOWER,4343.1,4361.51,4345.15
2026-09-23 07:45:00-04:00,SIL,PRIORITY_LOWER,65.52,66.12,65.54
2026-09-23 07:45:00-04:00,MCL,PRIORITY_UPPER,90.73,90.56,89.44
2026-09-23 07:45:00-04:00,MCL,CROSS_UPPER,90.54,90.53,89.46
2026-09-23 08:00:00-04:00,MCL,CROSS_UPPER,90.63,90.63,89.49
2026-09-23 08:15:00-04:00,MCL,CROSS_UPPER,90.83,90.72,89.5
2026-09-23 08:15:00-04:00,SIL,CROSS_LOWER,65.51,66.03,65.53
2026-09-23 08:30:00-04:00,SIL,CROSS_LOWER,65.49,66.0,65.5
2026-09-23 08:30:00-04:00,MCL,CROSS_UPPER,90.85,90.77,89.55
2026-09-23 08:30:00-04:00,MGC,CROSS_LOWER,4343.8,4358.92,4344.62
2026-09-23 08:45:00-04:00,MGC,PRIORITY_LOWER,4338.9,4359.33,4342.13
2026-09-23 08:45:00-04:00,SIL,PRIORITY_LOWER,65.44,65.99,65.46
2026-09-23 08:45:00-04:00,MCL,PRIORITY_UPPER,90.94,90.87,89.6
2026-09-23 08:45:00-04:00,MGC,CROSS_LOWER,4339.6,4359.25,4342.28
2026-09-23 08:45:00-04:00,MCL,CROSS_UPPER,91.12,90.91,89.58
2026-09-23 09:00:00-04:00,MCL,PRIORITY_UPPER,91.31,91.05,89.57
2026-09-23 09:00:00-04:00,MGC,CROSS_LOWER,4341.9,4358.4,4342.33
2026-09-23 09:00:00-04:00,MCL,CROSS_UPPER,91.17,91.02,89.58
2026-09-23 09:15:00-04:00,MGC,CROSS_LOWER,4339.9,4358.22,4340.62
2026-09-23 09:15:00-04:00,MCL,CROSS_UPPER,91.09,91.08,89.58
2026-09-23 09:30:00-04:00,MCL,CROSS_UPPER,91.25,91.22,89.57
2026-09-23 09:30:00-04:00,MGC,CROSS_LOWER,4336.9,4358.16,4339.95
2026-09-23 09:45:00-04:00,MGC,PRIORITY_LOWER,4322.2,4360.54,4333.56
2026-09-23 09:30:00-04:00,SIL,CROSS_LOWER,65.21,65.97,65.39
2026-09-23 09:45:00-04:00,SIL,PRIORITY_LOWER,65.06,65.97,65.3
2026-09-23 09:45:00-04:00,MCL,PRIORITY_UPPER,91.76,91.47,89.54
2026-09-23 10:00:00-04:00,MGC,PRIORITY_LOWER,4325.2,4360.6,4330.16
2026-09-23 10:00:00-04:00,SIL,PRIORITY_LOWER,65.16,65.95,65.24
2026-09-23 10:00:00-04:00,MCL,PRIORITY_UPPER,91.84,91.69,89.52
2026-09-23 10:00:00-04:00,SIL,CROSS_LOWER,65.14,65.95,65.24
2026-09-23 10:00:00-04:00,MGC,CROSS_LOWER,4324.1,4360.72,4329.93
2026-09-23 10:00:00-04:00,MCL,CROSS_UPPER,91.67,91.66,89.54
2026-09-23 10:15:00-04:00,MGC,PRIORITY_LOWER,4322.9,4360.93,4326.23
2026-09-23 10:15:00-04:00,MCL,PRIORITY_UPPER,91.94,91.88,89.54
2026-09-23 10:15:00-04:00,SIL,CROSS_LOWER,65.08,65.92,65.18
2026-09-23 10:15:00-04:00,MCL,CROSS_UPPER,91.93,91.88,89.55
2026-09-23 10:30:00-04:00,MGC,CROSS_LOWER,4318.9,4361.18,4321.95
2026-09-23 10:30:00-04:00,MGC,REVERSAL_BREAK_LOWER,4326.4,4360.67,4323.21
2026-09-23 10:30:00-04:00,MGC,REVERSAL_CLOSE_LOWER,4326.4,4360.67,4323.21
2026-09-23 10:30:00-04:00,SIL,CROSS_LOWER,65.1,65.9,65.12
2026-09-23 10:30:00-04:00,MCL,CROSS_UPPER,92.17,92.08,89.57
2026-09-23 11:15:00-04:00,SIL,CROSS_LOWER,65.04,65.82,65.05
2026-09-23 11:15:00-04:00,MCL,CROSS_UPPER,92.67,92.35,89.97
2026-09-23 11:30:00-04:00,MCL,CROSS_UPPER,92.71,92.5,90.11
2026-09-23 11:45:00-04:00,MCL,CROSS_UPPER,92.62,92.58,90.28
2026-09-23 12:00:00-04:00,MCL,CROSS_UPPER,92.73,92.69,90.42
2026-09-23 14:30:00-04:00,MCL,CROSS_UPPER,92.87,92.76,91.42
2026-09-23 20:00:00-04:00,SIL,CROSS_LOWER,64.68,65.02,64.75
2026-09-23 20:15:00-04:00,SIL,CROSS_LOWER,64.56,65.03,64.7
2026-09-23 20:00:00-04:00,MCL,CROSS_LOWER,91.94,92.87,92.04
2026-09-23 20:15:00-04:00,MCL,PRIORITY_LOWER,91.76,92.9,91.96
2026-09-23 20:15:00-04:00,MCL,CROSS_LOWER,91.65,92.91,91.94
2026-09-23 20:15:00-04:00,MGC,CROSS_UPPER,4327.4,4326.26,4319.66
2026-09-23 20:30:00-04:00,MGC,CROSS_UPPER,4326.3,4326.17,4319.7
2026-09-23 20:15:00-04:00,SIL,PRIORITY_LOWER,64.68,65.01,64.73
2026-09-23 20:30:00-04:00,SIL,PRIORITY_LOWER,64.65,65.01,64.7
2026-09-23 20:30:00-04:00,MCL,PRIORITY_LOWER,91.6,92.93,91.81
2026-09-23 20:30:00-04:00,SIL,CROSS_LOWER,64.66,65.01,64.7
2026-09-23 20:45:00-04:00,MGC,PRIORITY_UPPER,4328.1,4327.55,4319.39
2026-09-23 20:45:00-04:00,SIL,PRIORITY_LOWER,64.62,64.99,64.68
2026-09-23 20:45:00-04:00,MCL,PRIORITY_LOWER,91.58,92.96,91.71
2026-09-23 20:45:00-04:00,SIL,CROSS_LOWER,64.65,64.99,64.68
2026-09-23 20:45:00-04:00,MGC,CROSS_UPPER,4332.6,4328.58,4318.81
2026-09-23 21:00:00-04:00,MGC,PRIORITY_UPPER,4331.5,4329.91,4318.42
2026-09-23 21:00:00-04:00,MCL,REVERSAL_BREAK_LOWER,91.55,92.97,91.62
2026-09-23 21:00:00-04:00,MCL,CROSS_LOWER,91.55,92.97,91.62
2026-09-23 21:00:00-04:00,SIL,CROSS_LOWER,64.58,64.99,64.67
2026-09-23 21:00:00-04:00,MGC,CROSS_UPPER,4332.8,4330.19,4318.27
2026-09-23 21:15:00-04:00,MGC,PRIORITY_UPPER,4337.4,4333.33,4317.49
2026-09-23 21:15:00-04:00,MCL,PRIORITY_LOWER,91.47,92.95,91.51
2026-09-23 21:15:00-04:00,MGC,CROSS_UPPER,4334.8,4332.77,4317.79
2026-09-23 21:15:00-04:00,MCL,CROSS_LOWER,91.44,92.95,91.51
2026-09-23 21:15:00-04:00,SIL,CROSS_LOWER,64.68,64.99,64.69
2026-09-23 21:30:00-04:00,MGC,CROSS_UPPER,4335.2,4333.88,4318.07
2026-09-23 21:30:00-04:00,SIL,CROSS_LOWER,64.62,64.99,64.67
2026-09-23 21:45:00-04:00,MGC,CROSS_LOWER,4317.1,4332.87,4317.67
2026-09-23 21:45:00-04:00,SIL,PRIORITY_LOWER,64.5,65.01,64.61
2026-09-23 21:45:00-04:00,SIL,CROSS_LOWER,64.49,65.01,64.61
2026-09-23 22:00:00-04:00,MGC,PRIORITY_LOWER,4310.4,4333.89,4315.34
2026-09-23 22:00:00-04:00,SIL,PRIORITY_LOWER,64.43,65.03,64.54
2026-09-23 22:15:00-04:00,SIL,REVERSAL_BREAK_LOWER,64.52,65.02,64.52
2026-09-23 22:15:00-04:00,SIL,REVERSAL_CLOSE_LOWER,64.52,65.02,64.52
2026-09-23 22:15:00-04:00,SIL,CROSS_LOWER,64.51,65.02,64.52
2026-09-23 23:45:00-04:00,MGC,PRIORITY_LOWER,4318.4,4325.31,4319.44
2026-09-23 23:45:00-04:00,SIL,PRIORITY_LOWER,64.56,65.03,64.66
2026-09-23 23:45:00-04:00,MCL,PRIORITY_LOWER,91.32,92.95,91.78
2026-09-22 23:45:00-04:00,MCL,PRIORITY_LOWER,89.35,90.2,89.37
2026-09-23 23:45:00-04:00,MCL,PRIORITY_UPPER,91.24,90.5,89.23
2026-09-24 00:00:00-04:00,SIL,PRIORITY_LOWER,64.61,65.02,64.68
2026-09-24 00:00:00-04:00,MCL,PRIORITY_LOWER,91.39,92.94,91.8
2026-09-24 00:00:00-04:00,MGC,CROSS_LOWER,4319.0,4325.25,4319.56
2026-09-24 00:00:00-04:00,MGC,PRIORITY_LOWER,4318.6,4410.6,4354.14
2026-09-24 00:00:00-04:00,MCL,PRIORITY_UPPER,91.32,90.52,89.21
2026-09-24 00:15:00-04:00,MGC,PRIORITY_LOWER,4319.7,4412.36,4344.22
2026-09-24 00:15:00-04:00,MCL,PRIORITY_UPPER,91.45,90.82,89.1
2026-09-24 00:15:00-04:00,SIL,PRIORITY_LOWER,64.59,65.01,64.64
2026-09-24 00:15:00-04:00,MCL,PRIORITY_LOWER,91.48,92.97,91.69
2026-09-24 00:15:00-04:00,MGC,CROSS_LOWER,4319.1,4325.29,4319.4
2026-09-24 00:30:00-04:00,SIL,PRIORITY_LOWER,64.58,65.01,64.61
2026-09-24 00:30:00-04:00,MCL,PRIORITY_LOWER,91.45,92.99,91.58
2026-09-24 00:30:00-04:00,MGC,PRIORITY_LOWER,4323.6,4411.76,4337.09
2026-09-24 00:30:00-04:00,MCL,PRIORITY_UPPER,91.45,91.04,89.06
2026-09-24 00:30:00-04:00,SIL,CROSS_LOWER,64.61,65.0,64.61
2026-09-24 00:45:00-04:00,MCL,PRIORITY_LOWER,91.46,92.96,91.49
2026-09-24 00:45:00-04:00,MCL,CROSS_LOWER,91.48,92.96,91.49
2026-09-24 01:00:00-04:00,MGC,CROSS_UPPER,4325.9,4325.56,4320.2
2026-09-24 01:30:00-04:00,MCL,CROSS_UPPER,92.0,91.8,91.24
2026-09-24 01:45:00-04:00,MCL,PRIORITY_UPPER,92.03,91.89,91.2
2026-09-24 01:45:00-04:00,MCL,CROSS_UPPER,92.14,91.91,91.18
2026-09-24 02:00:00-04:00,MCL,PRIORITY_UPPER,92.13,91.99,91.17
2026-09-24 02:00:00-04:00,MCL,CROSS_UPPER,92.05,91.98,91.18
2026-09-24 02:15:00-04:00,MCL,PRIORITY_UPPER,92.1,92.05,91.17
2026-09-24 02:15:00-04:00,MCL,CROSS_UPPER,92.28,92.09,91.15
2026-09-24 02:30:00-04:00,MCL,PRIORITY_UPPER,92.65,92.29,91.06
2026-09-24 02:30:00-04:00,MGC,CROSS_LOWER,4312.8,4326.79,4313.24
2026-09-24 02:45:00-04:00,MGC,CROSS_LOWER,4312.5,4326.93,4312.87
2026-09-24 02:45:00-04:00,MCL,PRIORITY_UPPER,92.73,92.45,91.0
2026-09-24 03:00:00-04:00,MGC,CROSS_LOWER,4310.5,4327.31,4311.69
2026-09-24 03:00:00-04:00,MCL,REVERSAL_BREAK_UPPER,92.59,92.55,90.99
2026-09-24 03:00:00-04:00,MCL,CROSS_UPPER,92.59,92.55,90.99
2026-09-24 03:00:00-04:00,MCL,REVERSAL_CLOSE_UPPER,92.4,92.52,91.0
2026-09-24 03:15:00-04:00,SIL,CROSS_UPPER,64.72,64.69,64.45
2026-09-24 03:30:00-04:00,SIL,PRIORITY_UPPER,64.72,64.69,64.45
2026-09-24 03:30:00-04:00,SIL,CROSS_UPPER,64.71,64.69,64.45
2026-09-24 03:45:00-04:00,MCL,CROSS_UPPER,92.87,92.72,91.09
2026-09-24 04:00:00-04:00,MCL,CROSS_UPPER,92.84,92.83,91.13
2026-09-24 04:15:00-04:00,MGC,CROSS_LOWER,4310.8,4324.34,4310.97
2026-09-24 04:00:00-04:00,SIL,CROSS_LOWER,64.43,64.7,64.43
2026-09-24 04:15:00-04:00,SIL,CROSS_LOWER,64.42,64.7,64.42
2026-09-24 04:30:00-04:00,MGC,PRIORITY_LOWER,4302.0,4326.62,4306.01
2026-09-24 04:30:00-04:00,SIL,PRIORITY_LOWER,64.15,64.79,64.27
2026-09-24 04:30:00-04:00,MGC,CROSS_LOWER,4301.5,4326.68,4305.9
2026-09-24 04:30:00-04:00,SIL,CROSS_LOWER,64.12,64.79,64.26
2026-09-24 04:45:00-04:00,MGC,CROSS_LOWER,4302.6,4326.71,4304.32
2026-09-24 04:45:00-04:00,SIL,CROSS_LOWER,64.21,64.78,64.24
2026-09-24 04:30:00-04:00,MCL,PRIORITY_UPPER,94.19,93.87,90.85
2026-09-24 04:45:00-04:00,MCL,PRIORITY_UPPER,94.24,94.09,90.93
2026-09-24 04:45:00-04:00,MCL,CROSS_UPPER,94.38,94.12,90.91
2026-09-24 05:00:00-04:00,MGC,PRIORITY_LOWER,4295.1,4327.88,4299.99
2026-09-24 05:00:00-04:00,SIL,PRIORITY_LOWER,64.12,64.79,64.18
2026-09-24 05:00:00-04:00,MGC,CROSS_LOWER,4293.6,4328.05,4299.67
2026-09-24 05:00:00-04:00,SIL,CROSS_LOWER,64.14,64.79,64.18
2026-09-24 05:15:00-04:00,MGC,CROSS_LOWER,4298.4,4327.27,4298.53
2026-09-24 05:15:00-04:00,SIL,CROSS_LOWER,64.14,64.79,64.14
2026-09-24 05:30:00-04:00,MGC,PRIORITY_LOWER,4291.1,4327.83,4294.07
2026-09-24 05:30:00-04:00,SIL,PRIORITY_LOWER,64.01,64.8,64.06
2026-09-24 05:30:00-04:00,MGC,CROSS_LOWER,4292.7,4327.69,4294.37
2026-09-24 05:30:00-04:00,SIL,CROSS_LOWER,64.04,64.8,64.06
2026-09-24 05:45:00-04:00,MGC,PRIORITY_LOWER,4287.3,4327.41,4290.33
2026-09-24 05:45:00-04:00,SIL,PRIORITY_LOWER,63.94,64.8,63.98
2026-09-24 06:00:00-04:00,MGC,REVERSAL_BREAK_LOWER,4291.8,4325.49,4289.16
2026-09-24 06:00:00-04:00,MGC,REVERSAL_CLOSE_LOWER,4291.8,4325.49,4289.16
2026-09-24 06:00:00-04:00,MGC,CROSS_LOWER,4286.9,4325.8,4288.36
2026-09-24 06:15:00-04:00,MGC,CROSS_LOWER,4284.9,4324.06,4286.09
2026-09-24 06:15:00-04:00,SIL,CROSS_LOWER,63.84,64.75,63.89
2026-09-24 06:30:00-04:00,MGC,PRIORITY_LOWER,4279.3,4324.0,4282.01
2026-09-24 06:30:00-04:00,SIL,CROSS_LOWER,63.8,64.75,63.82
2026-09-24 08:45:00-04:00,MGC,CROSS_UPPER,4309.7,4309.32,4284.38
2026-09-24 09:00:00-04:00,MGC,PRIORITY_UPPER,4317.5,4311.66,4283.23
2026-09-24 09:15:00-04:00,MGC,REVERSAL_BREAK_UPPER,4312.1,4312.33,4283.46
2026-09-24 09:15:00-04:00,MGC,REVERSAL_CLOSE_UPPER,4312.1,4312.33,4283.46
2026-09-24 09:30:00-04:00,SIL,CROSS_LOWER,63.74,64.18,63.84
2026-09-24 09:30:00-04:00,MCL,CROSS_UPPER,94.39,94.21,93.17
2026-09-24 09:45:00-04:00,SIL,CROSS_LOWER,63.85,64.15,63.86
2026-09-24 09:45:00-04:00,MCL,CROSS_UPPER,94.35,94.19,93.18
2026-09-24 10:00:00-04:00,MCL,CROSS_UPPER,94.28,94.21,93.19
2026-09-24 10:15:00-04:00,MCL,CROSS_UPPER,94.34,94.28,93.17
2026-09-24 10:30:00-04:00,MCL,PRIORITY_UPPER,94.79,94.48,93.08
2026-09-24 10:30:00-04:00,SIL,CROSS_LOWER,63.81,64.14,63.83
2026-09-24 10:45:00-04:00,SIL,PRIORITY_LOWER,63.75,64.15,63.79
2026-09-24 10:45:00-04:00,MCL,PRIORITY_UPPER,95.3,94.81,92.95
2026-09-24 10:45:00-04:00,SIL,CROSS_LOWER,63.79,64.15,63.8
2026-09-24 11:00:00-04:00,MCL,PRIORITY_UPPER,95.57,95.12,92.87
2026-09-24 11:00:00-04:00,SIL,CROSS_LOWER,63.64,64.16,63.74
2026-09-24 11:00:00-04:00,MGC,CROSS_LOWER,4281.2,4314.36,4284.42
2026-09-24 11:15:00-04:00,SIL,CROSS_LOWER,63.69,64.18,63.7
2026-09-24 11:15:00-04:00,MCL,PRIORITY_UPPER,95.93,95.47,92.82
2026-09-24 11:15:00-04:00,MGC,CROSS_LOWER,4285.4,4313.82,4285.58
2026-09-24 11:30:00-04:00,MGC,CROSS_LOWER,4282.5,4314.29,4284.07
2026-09-24 11:30:00-04:00,SIL,PRIORITY_LOWER,63.62,64.17,63.65
2026-09-24 11:30:00-04:00,MCL,PRIORITY_UPPER,96.24,95.84,92.8
2026-09-24 11:45:00-04:00,MCL,PRIORITY_UPPER,96.17,96.05,92.9
2026-09-24 11:45:00-04:00,MCL,CROSS_UPPER,96.25,96.07,92.89
2026-09-24 12:00:00-04:00,MCL,PRIORITY_UPPER,96.55,96.35,92.96
2026-09-24 12:15:00-04:00,SIL,CROSS_UPPER,64.26,64.17,63.63
2026-09-24 12:30:00-04:00,SIL,PRIORITY_UPPER,64.28,64.21,63.62
2026-09-24 12:30:00-04:00,SIL,CROSS_UPPER,64.21,64.2,63.62
2026-09-24 12:45:00-04:00,SIL,CROSS_UPPER,64.27,64.24,63.61
2026-09-24 14:15:00-04:00,SIL,CROSS_UPPER,64.26,64.25,63.61
2026-09-24 20:00:00-04:00,MGC,CROSS_LOWER,4301.2,4310.9,4301.8
2026-09-24 20:45:00-04:00,MGC,CROSS_UPPER,4313.0,4311.37,4301.4
2026-09-24 21:00:00-04:00,MGC,CROSS_UPPER,4314.4,4312.45,4301.51
2026-09-24 21:00:00-04:00,SIL,CROSS_UPPER,64.32,64.28,64.03
2026-09-24 21:15:00-04:00,MGC,PRIORITY_UPPER,4325.0,4318.09,4298.67
2026-09-24 21:15:00-04:00,SIL,PRIORITY_UPPER,64.47,64.37,63.99
2026-09-24 21:15:00-04:00,MCL,CROSS_LOWER,93.39,95.23,93.41
2026-09-24 21:30:00-04:00,MGC,PRIORITY_UPPER,4328.7,4322.07,4297.01
2026-09-24 21:30:00-04:00,SIL,REVERSAL_BREAK_UPPER,64.42,64.39,63.99
2026-09-24 21:30:00-04:00,SIL,CROSS_UPPER,64.42,64.39,63.99
2026-09-24 21:30:00-04:00,MCL,CROSS_LOWER,93.29,95.14,93.29
2026-09-24 21:30:00-04:00,SIL,REVERSAL_CLOSE_UPPER,64.34,64.38,64.0
2026-09-24 21:45:00-04:00,MGC,PRIORITY_UPPER,4326.9,4324.07,4296.68
2026-09-24 21:45:00-04:00,MCL,PRIORITY_LOWER,93.1,95.04,93.16
2026-09-24 22:00:00-04:00,MGC,CROSS_UPPER,4327.2,4325.54,4297.04
2026-09-24 22:00:00-04:00,MCL,CROSS_LOWER,93.06,94.88,93.1
2026-09-24 22:15:00-04:00,MCL,CROSS_LOWER,93.03,94.74,93.03
2026-09-24 22:15:00-04:00,MGC,CROSS_UPPER,4327.4,4327.03,4298.02
2026-09-24 23:00:00-04:00,MCL,CROSS_LOWER,92.86,94.4,92.86
2026-09-24 23:45:00-04:00,MCL,PRIORITY_LOWER,93.13,95.25,93.36
2026-09-25 00:00:00-04:00,MCL,PRIORITY_LOWER,93.08,95.04,93.16
2026-09-25 00:00:00-04:00,SIL,CROSS_LOWER,64.0,64.3,64.0
2026-09-25 00:15:00-04:00,MCL,PRIORITY_LOWER,93.14,95.15,93.25
2026-09-25 00:15:00-04:00,MCL,CROSS_LOWER,93.07,94.88,93.1
2026-09-25 00:30:00-04:00,MCL,PRIORITY_LOWER,93.11,95.05,93.13
2026-09-25 00:45:00-04:00,MGC,CROSS_LOWER,4297.4,4314.31,4298.63
2026-09-25 01:00:00-04:00,MGC,CROSS_LOWER,4297.0,4314.54,4298.02
2026-09-25 00:45:00-04:00,SIL,CROSS_LOWER,63.98,64.29,63.98
2026-09-25 01:00:00-04:00,SIL,PRIORITY_LOWER,63.95,64.3,63.98
2026-09-25 01:00:00-04:00,SIL,CROSS_LOWER,63.87,64.38,63.93
2026-09-25 01:15:00-04:00,MGC,PRIORITY_LOWER,4293.3,4315.46,4295.21
2026-09-25 01:15:00-04:00,SIL,PRIORITY_LOWER,63.81,64.32,63.89
2026-09-25 01:15:00-04:00,MGC,CROSS_LOWER,4295.4,4315.29,4295.59
2026-09-25 01:15:00-04:00,MCL,CROSS_LOWER,92.83,94.63,92.92
2026-09-25 01:30:00-04:00,MCL,PRIORITY_LOWER,92.83,94.51,92.84
2026-09-25 01:30:00-04:00,MCL,CROSS_LOWER,92.7,94.52,92.82
2026-09-25 01:45:00-04:00,MCL,PRIORITY_LOWER,92.51,94.26,92.63
2026-09-25 02:00:00-04:00,MCL,CROSS_LOWER,92.45,94.15,92.58
2026-09-25 03:00:00-04:00,MCL,CROSS_UPPER,93.28,93.28,92.7
2026-09-25 03:15:00-04:00,MCL,CROSS_UPPER,93.55,93.35,92.67
2026-09-25 03:30:00-04:00,MCL,PRIORITY_UPPER,93.51,93.41,92.65
2026-09-25 03:30:00-04:00,MCL,CROSS_UPPER,93.39,93.38,92.66
2026-09-25 03:45:00-04:00,MCL,PRIORITY_UPPER,93.55,93.47,92.64
2026-09-25 03:45:00-04:00,MCL,CROSS_UPPER,93.5,93.46,92.65
2026-09-25 04:00:00-04:00,MCL,CROSS_UPPER,93.58,93.54,92.65
2026-09-25 04:00:00-04:00,MGC,CROSS_UPPER,4317.1,4316.85,4297.84
2026-09-25 04:15:00-04:00,MGC,CROSS_UPPER,4318.5,4317.67,4297.56
2026-09-25 04:00:00-04:00,SIL,CROSS_UPPER,64.41,64.33,63.92
2026-09-25 04:15:00-04:00,SIL,PRIORITY_UPPER,64.46,64.37,63.91
2026-09-25 04:30:00-04:00,MGC,CROSS_UPPER,4319.4,4319.04,4297.34
2026-09-25 04:15:00-04:00,SIL,CROSS_UPPER,64.61,64.41,63.89
2026-09-25 04:30:00-04:00,SIL,PRIORITY_UPPER,64.61,64.47,63.86
2026-09-25 04:45:00-04:00,MGC,PRIORITY_UPPER,4328.2,4323.44,4296.0
2026-09-25 04:30:00-04:00,SIL,CROSS_UPPER,65.11,64.61,63.78
2026-09-25 04:45:00-04:00,SIL,PRIORITY_UPPER,65.1,64.75,63.73
2026-09-25 04:45:00-04:00,MCL,CROSS_LOWER,92.41,93.58,92.57
2026-09-25 05:00:00-04:00,MGC,PRIORITY_UPPER,4330.2,4326.31,4295.91
2026-09-25 05:00:00-04:00,SIL,PRIORITY_UPPER,65.0,64.83,63.74
2026-09-25 05:00:00-04:00,MCL,CROSS_LOWER,92.36,93.59,92.48
2026-09-25 05:15:00-04:00,MGC,PRIORITY_UPPER,4328.7,4328.33,4296.11
2026-09-25 05:15:00-04:00,SIL,REVERSAL_BREAK_UPPER,64.97,64.91,63.75
2026-09-25 05:15:00-04:00,SIL,CROSS_UPPER,64.97,64.91,63.75
2026-09-25 05:15:00-04:00,MGC,CROSS_UPPER,4328.5,4328.3,4296.12
2026-09-25 05:15:00-04:00,SIL,PRIORITY_UPPER,64.96,64.9,63.75
2026-09-25 05:30:00-04:00,MGC,CROSS_UPPER,4332.4,4330.47,4296.29
2026-09-25 05:30:00-04:00,SIL,CROSS_UPPER,65.08,64.99,63.76
2026-09-25 06:00:00-04:00,MGC,CROSS_UPPER,4333.0,4332.7,4301.37
2026-09-25 06:15:00-04:00,MGC,PRIORITY_UPPER,4341.7,4337.29,4302.07
2026-09-25 06:00:00-04:00,SIL,CROSS_UPPER,65.28,65.15,63.85
2026-09-25 06:15:00-04:00,SIL,PRIORITY_UPPER,65.27,65.23,63.9
2026-09-25 06:30:00-04:00,MGC,PRIORITY_UPPER,4343.7,4340.79,4302.29
2026-09-25 06:15:00-04:00,SIL,CROSS_UPPER,65.36,65.25,63.89
2026-09-25 06:30:00-04:00,SIL,PRIORITY_UPPER,65.36,65.35,63.91
2026-09-25 06:30:00-04:00,MGC,CROSS_UPPER,4341.2,4340.34,4302.49
2026-09-25 06:30:00-04:00,SIL,CROSS_UPPER,65.36,65.35,63.91
2026-09-25 06:45:00-04:00,MGC,CROSS_UPPER,4346.1,4342.9,4304.41
2026-09-25 06:45:00-04:00,SIL,CROSS_UPPER,65.44,65.43,63.96
2026-09-25 07:00:00-04:00,MGC,PRIORITY_UPPER,4347.6,4345.8,4305.45
2026-09-25 07:00:00-04:00,MGC,CROSS_UPPER,4346.9,4345.68,4305.5
2026-09-25 07:15:00-04:00,MGC,CROSS_UPPER,4348.7,4348.47,4306.72
2026-09-25 07:00:00-04:00,MCL,CROSS_LOWER,92.35,93.56,92.5
2026-09-25 07:15:00-04:00,MCL,CROSS_LOWER,92.39,93.57,92.43
2026-09-25 09:15:00-04:00,MGC,CROSS_LOWER,4324.8,4346.74,4324.97
2026-09-25 09:15:00-04:00,SIL,CROSS_LOWER,64.84,65.42,64.88
2026-09-25 09:30:00-04:00,MGC,PRIORITY_LOWER,4312.0,4349.28,4319.75
2026-09-25 09:30:00-04:00,SIL,PRIORITY_LOWER,64.42,65.52,64.67
2026-09-25 09:15:00-04:00,MCL,CROSS_UPPER,93.17,93.11,92.35
2026-09-25 09:30:00-04:00,MCL,CROSS_UPPER,93.16,93.12,92.35
2026-09-25 09:45:00-04:00,MGC,PRIORITY_LOWER,4314.9,4349.66,4318.2
2026-09-25 09:45:00-04:00,SIL,PRIORITY_LOWER,64.35,65.56,64.56
2026-09-25 09:45:00-04:00,MCL,CROSS_UPPER,93.21,93.18,92.37
2026-09-25 09:45:00-04:00,MGC,CROSS_LOWER,4314.7,4349.68,4318.16
2026-09-25 10:00:00-04:00,MGC,PRIORITY_LOWER,4310.2,4350.88,4314.63
2026-09-25 10:00:00-04:00,SIL,PRIORITY_LOWER,64.32,65.59,64.46
2026-09-25 10:00:00-04:00,MCL,PRIORITY_UPPER,93.46,93.32,92.33
2026-09-25 10:00:00-04:00,MGC,CROSS_LOWER,4290.0,4353.71,4309.78
2026-09-25 10:00:00-04:00,SIL,CROSS_LOWER,63.85,65.66,64.35
2026-09-25 10:15:00-04:00,MGC,PRIORITY_LOWER,4301.2,4353.09,4309.16
2026-09-25 10:15:00-04:00,SIL,PRIORITY_LOWER,64.19,65.63,64.34
2026-09-25 10:15:00-04:00,MCL,REVERSAL_BREAK_UPPER,93.27,93.33,92.33
2026-09-25 10:15:00-04:00,MCL,REVERSAL_CLOSE_UPPER,93.27,93.33,92.33
2026-09-25 10:15:00-04:00,MCL,CROSS_UPPER,93.63,93.4,92.3
2026-09-25 10:30:00-04:00,MGC,PRIORITY_LOWER,4298.8,4354.07,4304.99
2026-09-25 10:30:00-04:00,SIL,PRIORITY_LOWER,64.18,65.64,64.25
2026-09-25 10:30:00-04:00,MCL,PRIORITY_UPPER,93.96,93.62,92.23
2026-09-25 10:30:00-04:00,MGC,CROSS_LOWER,4304.8,4353.55,4306.11
2026-09-25 10:45:00-04:00,MCL,PRIORITY_UPPER,94.09,93.79,92.17
2026-09-25 11:00:00-04:00,MCL,REVERSAL_BREAK_UPPER,93.74,93.82,92.21
2026-09-25 11:00:00-04:00,MCL,REVERSAL_CLOSE_UPPER,93.74,93.82,92.21
2026-09-25 11:00:00-04:00,MCL,CROSS_UPPER,93.91,93.85,92.2
2026-09-25 11:15:00-04:00,MCL,CROSS_UPPER,94.05,94.0,92.19
2026-09-25 12:00:00-04:00,MCL,CROSS_LOWER,92.07,94.15,92.13
2026-09-25 12:15:00-04:00,MCL,PRIORITY_LOWER,91.65,94.24,91.91
2026-09-25 12:15:00-04:00,MCL,CROSS_LOWER,91.59,94.24,91.9
2026-09-25 12:30:00-04:00,MCL,PRIORITY_LOWER,91.69,94.28,91.79
2026-09-27 20:15:00-04:00,MGC,CROSS_LOWER,4283.6,4334.96,4286.35
2026-09-27 20:30:00-04:00,MGC,CROSS_LOWER,4283.1,4333.74,4283.2
2026-09-27 20:15:00-04:00,SIL,CROSS_LOWER,64.0,65.01,64.01
2026-09-27 20:30:00-04:00,SIL,CROSS_LOWER,63.75,65.0,63.91
2026-09-27 20:45:00-04:00,MGC,PRIORITY_LOWER,4273.1,4333.23,4276.82
2026-09-27 20:45:00-04:00,SIL,PRIORITY_LOWER,63.71,64.97,63.8
2026-09-27 21:00:00-04:00,MGC,PRIORITY_LOWER,4259.6,4332.46,4269.53
2026-09-27 20:45:00-04:00,SIL,CROSS_LOWER,63.35,65.01,63.72
2026-09-27 21:00:00-04:00,SIL,PRIORITY_LOWER,63.35,64.98,63.6
2026-09-27 21:15:00-04:00,MGC,PRIORITY_LOWER,4256.1,4331.8,4262.87
2026-09-27 21:15:00-04:00,SIL,PRIORITY_LOWER,62.99,65.02,63.34
2026-09-27 21:30:00-04:00,MGC,PRIORITY_LOWER,4255.5,4329.3,4257.96
2026-09-27 21:30:00-04:00,SIL,PRIORITY_LOWER,63.1,64.96,63.24
2026-09-27 21:30:00-04:00,MGC,CROSS_LOWER,4249.6,4329.8,4256.87
2026-09-27 21:45:00-04:00,MGC,PRIORITY_LOWER,4241.2,4328.04,4249.42
2026-09-27 21:45:00-04:00,SIL,PRIORITY_LOWER,62.95,64.92,63.08
2026-09-27 21:45:00-04:00,MGC,CROSS_LOWER,4249.4,4327.36,4250.92
2026-09-27 22:00:00-04:00,SIL,CROSS_LOWER,62.92,64.86,62.96
2026-09-27 22:00:00-04:00,MCL,CROSS_UPPER,93.96,93.87,92.72
2026-09-27 22:15:00-04:00,MCL,CROSS_UPPER,93.93,93.92,92.79
2026-09-27 22:15:00-04:00,SIL,CROSS_LOWER,62.83,64.79,62.83
2026-09-27 22:30:00-04:00,MGC,CROSS_LOWER,4239.1,4314.89,4240.03
2026-09-27 22:45:00-04:00,SIL,PRIORITY_LOWER,62.36,64.63,62.51
2026-09-27 22:45:00-04:00,MGC,CROSS_LOWER,4236.5,4309.64,4236.92
2026-09-27 23:00:00-04:00,MGC,CROSS_LOWER,4229.2,4307.91,4230.8
2026-09-27 23:00:00-04:00,SIL,PRIORITY_LOWER,62.36,64.57,62.37
2026-09-27 23:00:00-04:00,SIL,CROSS_LOWER,62.37,64.57,62.37
2026-09-27 23:30:00-04:00,MCL,CROSS_UPPER,93.79,93.79,93.13
2026-09-27 23:45:00-04:00,MGC,PRIORITY_LOWER,4230.3,4334.78,4257.56
2026-09-27 23:45:00-04:00,MCL,PRIORITY_UPPER,93.87,93.83,92.38
2026-09-28 00:00:00-04:00,MGC,PRIORITY_LOWER,4229.5,4334.91,4257.35
2026-09-28 00:00:00-04:00,MCL,PRIORITY_UPPER,94.06,93.86,92.37
2026-09-28 00:15:00-04:00,MGC,PRIORITY_LOWER,4232.2,4333.64,4249.34
2026-09-28 00:15:00-04:00,MCL,PRIORITY_UPPER,93.97,93.96,92.4
2026-09-28 00:15:00-04:00,MCL,CROSS_UPPER,93.97,93.94,92.3
2026-09-28 00:30:00-04:00,MGC,PRIORITY_LOWER,4231.9,4331.43,4242.11
2026-09-28 00:30:00-04:00,MCL,CROSS_UPPER,94.09,94.07,92.34
2026-09-28 00:45:00-04:00,MGC,PRIORITY_LOWER,4231.2,4328.12,4235.79
2026-09-28 00:45:00-04:00,MCL,CROSS_UPPER,94.1,94.09,92.62
2026-09-28 01:00:00-04:00,MGC,PRIORITY_LOWER,4229.0,4324.53,4229.59
2026-09-28 01:00:00-04:00,MGC,CROSS_LOWER,4226.0,4324.75,4229.07
2026-09-28 01:15:00-04:00,MGC,CROSS_LOWER,4222.6,4320.62,4223.27
2026-09-28 01:15:00-04:00,MCL,CROSS_UPPER,94.31,94.27,92.74
2026-09-28 01:30:00-04:00,SIL,CROSS_LOWER,61.98,63.12,62.02
2026-09-28 01:30:00-04:00,MCL,CROSS_UPPER,94.41,94.3,93.19
2026-09-28 01:30:00-04:00,MGC,CROSS_LOWER,4217.6,4315.41,4218.15
2026-09-28 01:45:00-04:00,MCL,PRIORITY_UPPER,94.67,94.46,92.98
2026-09-28 01:45:00-04:00,MGC,CROSS_LOWER,4215.1,4252.27,4216.63
2026-09-28 02:00:00-04:00,MGC,PRIORITY_LOWER,4209.8,4250.61,4213.53
2026-09-28 01:45:00-04:00,SIL,CROSS_LOWER,62.01,63.01,62.01
2026-09-28 02:00:00-04:00,SIL,CROSS_LOWER,61.93,62.95,61.95
2026-09-28 02:15:00-04:00,MGC,REVERSAL_BREAK_LOWER,4211.3,4247.85,4212.16
2026-09-28 02:15:00-04:00,MGC,CROSS_LOWER,4211.3,4247.85,4212.16
2026-09-28 02:15:00-04:00,SIL,CROSS_LOWER,61.9,62.86,61.94
2026-09-28 02:30:00-04:00,MGC,PRIORITY_LOWER,4201.6,4248.21,4206.76
2026-09-28 02:30:00-04:00,SIL,PRIORITY_LOWER,61.88,62.78,61.91
2026-09-28 02:30:00-04:00,MGC,CROSS_LOWER,4205.8,4247.84,4207.55
2026-09-28 02:30:00-04:00,SIL,CROSS_LOWER,61.89,62.78,61.91
2026-09-28 02:45:00-04:00,MGC,CROSS_LOWER,4198.1,4246.17,4203.91
2026-09-28 03:00:00-04:00,MGC,PRIORITY_LOWER,4195.6,4243.98,4200.59
2026-09-28 02:45:00-04:00,SIL,CROSS_LOWER,61.83,62.71,61.87
2026-09-28 03:00:00-04:00,SIL,CROSS_LOWER,61.82,62.64,61.84
2026-09-28 03:15:00-04:00,MGC,PRIORITY_LOWER,4194.0,4241.38,4197.58
2026-09-28 03:15:00-04:00,SIL,PRIORITY_LOWER,61.51,62.63,61.69
2026-09-28 03:30:00-04:00,MGC,PRIORITY_LOWER,4191.5,4239.85,4193.89
2026-09-28 03:30:00-04:00,SIL,PRIORITY_LOWER,61.53,62.63,61.61
2026-09-28 03:45:00-04:00,MGC,PRIORITY_LOWER,4185.9,4239.76,4189.04
2026-09-28 03:45:00-04:00,SIL,PRIORITY_LOWER,61.37,62.64,61.48
2026-09-28 03:45:00-04:00,SIL,CROSS_LOWER,61.46,62.64,61.5
2026-09-28 03:45:00-04:00,MGC,CROSS_LOWER,4187.5,4239.63,4189.33
2026-09-28 04:00:00-04:00,SIL,CROSS_LOWER,61.44,62.6,61.44
2026-09-28 04:15:00-04:00,MCL,CROSS_UPPER,94.65,94.58,93.71
2026-09-28 04:15:00-04:00,MGC,CROSS_LOWER,4181.1,4236.8,4182.94
2026-09-28 04:30:00-04:00,MGC,CROSS_LOWER,4178.4,4235.99,4178.56
2026-09-28 04:15:00-04:00,SIL,CROSS_LOWER,61.36,62.57,61.38
2026-09-28 04:30:00-04:00,MCL,CROSS_UPPER,94.97,94.72,93.7
2026-09-28 04:45:00-04:00,MCL,PRIORITY_UPPER,95.06,94.85,93.68
2026-09-28 05:00:00-04:00,MCL,PRIORITY_UPPER,95.43,95.15,93.58
2026-09-28 05:15:00-04:00,MCL,PRIORITY_UPPER,95.67,95.37,93.54
2026-09-28 05:30:00-04:00,MCL,REVERSAL_BREAK_UPPER,95.54,95.47,93.58
2026-09-28 05:30:00-04:00,MCL,CROSS_UPPER,95.54,95.47,93.58
2026-09-28 05:45:00-04:00,MCL,REVERSAL_BREAK_UPPER,95.51,95.58,93.61
2026-09-28 05:45:00-04:00,MCL,REVERSAL_CLOSE_UPPER,95.51,95.58,93.61
2026-09-28 05:45:00-04:00,MCL,CROSS_UPPER,95.7,95.61,93.6
2026-09-28 06:00:00-04:00,MCL,CROSS_UPPER,95.82,95.79,93.6
2026-09-28 06:15:00-04:00,MCL,PRIORITY_UPPER,96.17,96.05,93.58
2026-09-28 06:30:00-04:00,MCL,PRIORITY_UPPER,96.43,96.28,93.54
2026-09-28 06:30:00-04:00,MCL,CROSS_UPPER,96.34,96.26,93.55
2026-09-28 08:00:00-04:00,MGC,CROSS_UPPER,4195.7,4192.82,4176.95
2026-09-28 08:00:00-04:00,SIL,CROSS_UPPER,62.01,61.83,61.38
2026-09-28 08:15:00-04:00,MGC,PRIORITY_UPPER,4196.5,4194.29,4176.3
2026-09-28 08:15:00-04:00,SIL,PRIORITY_UPPER,61.92,61.86,61.39
2026-09-28 08:30:00-04:00,SIL,REVERSAL_BREAK_UPPER,61.75,61.85,61.43
2026-09-28 08:30:00-04:00,SIL,REVERSAL_CLOSE_UPPER,61.75,61.85,61.43
2026-09-28 08:45:00-04:00,MCL,CROSS_LOWER,94.57,96.44,94.61
2026-09-28 09:00:00-04:00,MCL,CROSS_LOWER,94.55,96.46,94.57
2026-09-28 09:15:00-04:00,MCL,PRIORITY_LOWER,94.1,96.53,94.4
2026-09-28 09:15:00-04:00,MCL,CROSS_LOWER,94.15,96.53,94.41
2026-09-28 09:15:00-04:00,MGC,CROSS_LOWER,4174.3,4192.39,4174.98
2026-09-28 09:30:00-04:00,MGC,CROSS_LOWER,4173.6,4192.62,4173.98
2026-09-28 09:30:00-04:00,MCL,CROSS_LOWER,94.29,96.53,94.36
2026-09-28 09:30:00-04:00,SIL,CROSS_UPPER,61.9,61.87,61.48
2026-09-28 09:45:00-04:00,SIL,PRIORITY_UPPER,61.94,61.89,61.52
2026-09-28 09:45:00-04:00,SIL,CROSS_UPPER,61.99,61.9,61.51
2026-09-28 09:45:00-04:00,MCL,CROSS_LOWER,94.05,96.54,94.2
2026-09-28 10:00:00-04:00,SIL,PRIORITY_UPPER,62.17,62.01,61.48
2026-09-28 10:00:00-04:00,MCL,PRIORITY_LOWER,93.83,96.57,93.98
2026-09-28 10:00:00-04:00,MGC,CROSS_LOWER,4173.7,4193.08,4175.42
2026-09-28 10:00:00-04:00,MCL,CROSS_LOWER,93.91,96.57,93.99
2026-09-28 10:15:00-04:00,MGC,PRIORITY_LOWER,4171.3,4193.75,4173.84
2026-09-28 10:30:00-04:00,MGC,CROSS_LOWER,4172.2,4193.7,4173.29
2026-09-28 10:45:00-04:00,MGC,PRIORITY_LOWER,4153.7,4197.32,4164.58
2026-09-28 10:30:00-04:00,SIL,CROSS_LOWER,61.29,61.97,61.47
2026-09-28 10:45:00-04:00,SIL,PRIORITY_LOWER,61.25,62.0,61.4
2026-09-28 11:00:00-04:00,MGC,PRIORITY_LOWER,4149.5,4198.67,4159.14
2026-09-28 11:00:00-04:00,SIL,PRIORITY_LOWER,61.29,62.01,61.36
2026-09-28 11:15:00-04:00,MGC,PRIORITY_LOWER,4155.3,4197.66,4156.91
2026-09-28 11:15:00-04:00,MGC,CROSS_LOWER,4155.3,4197.66,4156.91
2026-09-28 11:30:00-04:00,MGC,CROSS_LOWER,4154.1,4196.84,4154.52
2026-09-28 12:15:00-04:00,MCL,CROSS_LOWER,93.31,95.8,93.72
2026-09-28 12:30:00-04:00,MCL,PRIORITY_LOWER,92.79,95.93,93.21
2026-09-28 12:45:00-04:00,MCL,REVERSAL_BREAK_LOWER,93.08,95.75,93.13
2026-09-28 12:45:00-04:00,MCL,CROSS_LOWER,93.08,95.75,93.13
2026-09-28 12:45:00-04:00,MCL,REVERSAL_CLOSE_LOWER,93.25,95.74,93.16
2026-09-28 13:15:00-04:00,MCL,CROSS_LOWER,92.32,95.86,92.36
2026-09-28 21:00:00-04:00,MGC,CROSS_LOWER,4147.1,4162.93,4147.49
2026-09-28 20:45:00-04:00,MCL,CROSS_UPPER,93.54,93.49,92.88
2026-09-28 21:00:00-04:00,MCL,CROSS_UPPER,93.6,93.53,92.92
2026-09-28 21:15:00-04:00,MCL,CROSS_UPPER,93.54,93.54,92.96
2026-09-28 21:15:00-04:00,MGC,CROSS_UPPER,4162.2,4161.85,4149.02
2026-09-28 21:30:00-04:00,MGC,CROSS_UPPER,4162.4,4161.81,4149.04
2026-09-28 21:30:00-04:00,MCL,PRIORITY_UPPER,93.59,93.57,93.02
2026-09-28 21:30:00-04:00,MCL,CROSS_UPPER,93.71,93.59,93.01
2026-09-28 21:30:00-04:00,SIL,CROSS_LOWER,60.97,61.23,61.0
2026-09-28 21:45:00-04:00,MGC,PRIORITY_UPPER,4165.1,4163.61,4148.44
2026-09-28 21:45:00-04:00,MCL,PRIORITY_UPPER,93.89,93.72,92.97
2026-09-28 21:45:00-04:00,MGC,CROSS_UPPER,4164.5,4163.49,4148.5
2026-09-28 21:45:00-04:00,MCL,CROSS_UPPER,93.71,93.69,92.98
2026-09-28 22:00:00-04:00,MGC,PRIORITY_UPPER,4166.2,4165.22,4148.17
2026-09-28 22:00:00-04:00,SIL,CROSS_LOWER,60.98,61.22,61.01
2026-09-28 22:15:00-04:00,MGC,CROSS_UPPER,4166.1,4165.87,4148.8
2026-09-28 22:30:00-04:00,MGC,CROSS_UPPER,4167.9,4166.79,4149.98
2026-09-28 22:30:00-04:00,SIL,CROSS_LOWER,60.98,61.22,61.02
2026-09-28 22:45:00-04:00,MGC,CROSS_UPPER,4168.5,4167.64,4151.11
2026-09-28 22:45:00-04:00,SIL,CROSS_LOWER,61.03,61.22,61.03
2026-09-28 22:30:00-04:00,MCL,CROSS_UPPER,93.9,93.77,93.04
2026-09-28 22:45:00-04:00,MCL,PRIORITY_UPPER,93.92,93.83,93.04
2026-09-28 22:45:00-04:00,MCL,CROSS_UPPER,93.85,93.82,93.04
2026-09-28 23:00:00-04:00,MGC,CROSS_UPPER,4169.4,4168.89,4151.31
2026-09-28 23:00:00-04:00,SIL,CROSS_LOWER,61.01,61.21,61.02
2026-09-28 23:00:00-04:00,MCL,CROSS_UPPER,94.0,93.89,93.05
2026-09-28 23:15:00-04:00,MCL,CROSS_UPPER,93.97,93.94,93.07
2026-09-28 23:15:00-04:00,MGC,CROSS_UPPER,4170.7,4169.74,4151.44
2026-09-28 23:30:00-04:00,MGC,CROSS_UPPER,4171.1,4170.99,4151.66
2026-09-28 23:45:00-04:00,MGC,PRIORITY_UPPER,4168.0,4166.87,4149.95
2026-09-28 23:45:00-04:00,MCL,PRIORITY_UPPER,93.97,93.78,93.03
2026-09-28 23:45:00-04:00,SIL,PRIORITY_LOWER,60.94,61.23,61.01
2026-09-29 00:00:00-04:00,SIL,PRIORITY_LOWER,60.89,61.24,61.0
2026-09-29 00:00:00-04:00,MCL,PRIORITY_UPPER,94.04,93.79,93.03
2026-09-29 00:15:00-04:00,SIL,PRIORITY_LOWER,60.81,61.26,60.92
2026-09-29 00:15:00-04:00,MCL,PRIORITY_UPPER,94.24,93.93,92.92
2026-09-29 00:30:00-04:00,SIL,REVERSAL_BREAK_LOWER,60.94,61.26,60.94
2026-09-29 00:30:00-04:00,SIL,REVERSAL_CLOSE_LOWER,60.94,61.26,60.94
2026-09-29 00:30:00-04:00,MCL,PRIORITY_UPPER,94.24,94.06,92.96
2026-09-29 00:30:00-04:00,SIL,CROSS_LOWER,60.88,61.26,60.93
2026-09-29 00:45:00-04:00,MCL,PRIORITY_UPPER,94.25,94.16,92.97
2026-09-29 00:45:00-04:00,SIL,CROSS_LOWER,60.89,61.25,60.91
2026-09-29 01:00:00-04:00,MCL,PRIORITY_UPPER,94.29,94.26,92.97
2026-09-29 01:00:00-04:00,SIL,CROSS_LOWER,60.89,61.26,60.89
2026-09-29 01:00:00-04:00,MCL,CROSS_UPPER,94.27,94.24,92.9
2026-09-29 01:30:00-04:00,SIL,CROSS_LOWER,60.72,61.25,60.83
2026-09-29 01:15:00-04:00,MCL,CROSS_UPPER,94.35,94.33,92.92
2026-09-29 01:30:00-04:00,MCL,CROSS_UPPER,94.62,94.46,92.93
2026-09-29 01:30:00-04:00,MGC,CROSS_UPPER,4169.2,4167.57,4152.55
2026-09-29 01:45:00-04:00,MGC,CROSS_UPPER,4169.6,4168.68,4152.35
2026-09-29 02:00:00-04:00,MGC,PRIORITY_UPPER,4170.8,4168.51,4151.74
2026-09-29 02:00:00-04:00,MGC,CROSS_UPPER,4174.7,4170.78,4151.9
2026-09-29 02:00:00-04:00,SIL,CROSS_UPPER,61.28,61.25,60.87
2026-09-29 02:15:00-04:00,MGC,PRIORITY_UPPER,4178.0,4173.89,4150.98
2026-09-29 02:15:00-04:00,SIL,PRIORITY_UPPER,61.32,61.28,60.85
2026-09-29 02:15:00-04:00,MGC,CROSS_UPPER,4174.3,4172.06,4150.6
2026-09-29 02:30:00-04:00,MGC,PRIORITY_UPPER,4174.8,4173.75,4150.38
2026-09-29 02:30:00-04:00,SIL,CROSS_UPPER,61.29,61.29,60.86
2026-09-29 02:30:00-04:00,MGC,CROSS_UPPER,4175.2,4173.82,4150.35
2026-09-29 03:15:00-04:00,MCL,CROSS_LOWER,93.69,94.35,93.71
2026-09-29 03:15:00-04:00,MGC,CROSS_UPPER,4180.3,4177.96,4158.17
2026-09-29 03:15:00-04:00,SIL,CROSS_UPPER,61.29,61.29,60.83
2026-09-29 03:30:00-04:00,MCL,PRIORITY_LOWER,93.5,94.39,93.62
2026-09-29 03:30:00-04:00,MCL,CROSS_LOWER,93.06,94.45,93.51
2026-09-29 03:45:00-04:00,MCL,PRIORITY_LOWER,93.33,94.45,93.49
2026-09-29 04:00:00-04:00,MCL,REVERSAL_BREAK_LOWER,93.43,94.45,93.45
2026-09-29 04:00:00-04:00,MCL,CROSS_LOWER,93.43,94.45,93.45
2026-09-29 04:00:00-04:00,MCL,REVERSAL_CLOSE_LOWER,93.53,94.44,93.47
2026-09-29 04:15:00-04:00,MCL,PRIORITY_LOWER,93.24,94.47,93.35
2026-09-29 04:15:00-04:00,MCL,CROSS_LOWER,92.86,94.51,93.26
2026-09-29 04:30:00-04:00,MCL,PRIORITY_LOWER,92.97,94.52,93.17
2026-09-29 04:45:00-04:00,MCL,PRIORITY_LOWER,92.78,94.54,93.0
2026-09-29 05:00:00-04:00,MCL,PRIORITY_LOWER,92.63,94.54,92.83
2026-09-29 05:15:00-04:00,MCL,REVERSAL_BREAK_LOWER,92.79,94.5,92.74
2026-09-29 05:15:00-04:00,MCL,REVERSAL_CLOSE_LOWER,92.79,94.5,92.74
2026-09-29 05:15:00-04:00,MCL,CROSS_LOWER,92.51,94.52,92.69
2026-09-29 05:30:00-04:00,MCL,CROSS_LOWER,92.56,94.46,92.61
2026-09-29 05:45:00-04:00,MCL,PRIORITY_LOWER,92.19,94.44,92.38
2026-09-29 06:00:00-04:00,MCL,CROSS_LOWER,92.21,94.34,92.3
2026-09-29 06:00:00-04:00,MGC,CROSS_UPPER,4181.4,4179.93,4167.09
2026-09-29 06:15:00-04:00,MGC,PRIORITY_UPPER,4180.6,4179.64,4169.28
2026-09-29 06:15:00-04:00,MGC,CROSS_UPPER,4181.0,4179.72,4169.24
2026-09-29 06:30:00-04:00,MGC,PRIORITY_UPPER,4182.5,4180.85,4169.53
2026-09-29 06:30:00-04:00,MGC,CROSS_UPPER,4180.6,4180.49,4169.7
2026-09-29 06:30:00-04:00,MCL,CROSS_LOWER,92.09,94.1,92.11
2026-09-29 06:45:00-04:00,MGC,CROSS_UPPER,4182.9,4181.81,4169.91
2026-09-29 06:45:00-04:00,MCL,CROSS_LOWER,91.92,94.0,92.0
2026-09-29 07:00:00-04:00,MGC,PRIORITY_UPPER,4185.2,4183.41,4169.28
2026-09-29 07:00:00-04:00,MCL,CROSS_LOWER,91.69,93.95,91.83
2026-09-29 07:15:00-04:00,MGC,PRIORITY_UPPER,4189.1,4185.96,4168.53
2026-09-29 07:15:00-04:00,MCL,CROSS_LOWER,91.7,93.86,91.7
2026-09-29 07:15:00-04:00,SIL,CROSS_UPPER,61.31,61.31,60.95
2026-09-29 07:30:00-04:00,MGC,PRIORITY_UPPER,4190.0,4188.13,4168.08
2026-09-29 07:30:00-04:00,SIL,CROSS_UPPER,61.35,61.32,60.95
2026-09-29 07:30:00-04:00,MCL,CROSS_LOWER,91.57,93.75,91.57
2026-09-29 07:45:00-04:00,SIL,CROSS_UPPER,61.33,61.32,60.95
2026-09-29 07:45:00-04:00,MCL,CROSS_LOWER,91.34,93.6,91.49
2026-09-29 08:00:00-04:00,MCL,PRIORITY_LOWER,91.15,93.49,91.32
2026-09-29 08:00:00-04:00,SIL,CROSS_UPPER,61.38,61.34,60.94
2026-09-29 08:00:00-04:00,MCL,CROSS_LOWER,90.78,93.53,91.24
2026-09-29 08:15:00-04:00,MCL,PRIORITY_LOWER,90.84,93.4,91.13
2026-09-29 08:30:00-04:00,MCL,PRIORITY_LOWER,90.67,93.35,90.9
2026-09-29 08:45:00-04:00,MCL,PRIORITY_LOWER,90.58,93.24,90.71
2026-09-29 08:45:00-04:00,MCL,CROSS_LOWER,90.51,93.24,90.69
2026-09-29 09:00:00-04:00,MCL,CROSS_LOWER,90.55,93.07,90.61
2026-09-29 09:15:00-04:00,MCL,CROSS_LOWER,90.32,92.98,90.41
2026-09-29 09:30:00-04:00,MGC,CROSS_UPPER,4193.0,4192.96,4173.71
2026-09-29 09:45:00-04:00,MGC,CROSS_UPPER,4193.5,4192.96,4175.33
2026-09-29 09:45:00-04:00,SIL,CROSS_UPPER,61.37,61.35,61.0
2026-09-29 10:00:00-04:00,MGC,CROSS_UPPER,4195.6,4193.3,4176.99
2026-09-29 10:00:00-04:00,SIL,CROSS_UPPER,61.42,61.36,61.03
2026-09-29 10:15:00-04:00,MGC,PRIORITY_UPPER,4199.1,4195.08,4178.17
2026-09-29 10:15:00-04:00,SIL,PRIORITY_UPPER,61.53,61.42,61.04
2026-09-29 10:30:00-04:00,MGC,PRIORITY_UPPER,4205.5,4199.01,4177.53
2026-09-29 10:30:00-04:00,SIL,PRIORITY_UPPER,61.67,61.52,61.01
2026-09-29 10:30:00-04:00,MGC,CROSS_UPPER,4198.2,4197.48,4178.33
2026-09-29 10:30:00-04:00,SIL,CROSS_UPPER,61.52,61.48,61.03
2026-09-29 10:45:00-04:00,SIL,PRIORITY_UPPER,61.58,61.53,61.05
2026-09-29 10:45:00-04:00,SIL,CROSS_UPPER,61.56,61.53,61.05
2026-09-29 10:45:00-04:00,MGC,CROSS_UPPER,4202.0,4199.32,4179.02
2026-09-29 11:00:00-04:00,MGC,CROSS_UPPER,4200.7,4200.58,4179.72
2026-09-29 11:00:00-04:00,SIL,CROSS_UPPER,61.58,61.58,61.05
2026-09-29 11:45:00-04:00,MCL,CROSS_LOWER,90.33,91.79,90.38
2026-09-29 12:45:00-04:00,MGC,CROSS_LOWER,4177.6,4199.98,4178.49
2026-09-29 13:00:00-04:00,MGC,CROSS_LOWER,4177.4,4200.23,4177.54
2026-09-29 13:45:00-04:00,MGC,CROSS_LOWER,4174.9,4200.47,4174.91
2026-09-29 14:00:00-04:00,MCL,CROSS_LOWER,89.96,91.54,90.0
2026-09-29 14:00:00-04:00,SIL,CROSS_UPPER,61.59,61.59,61.01
2026-09-29 14:15:00-04:00,MCL,PRIORITY_LOWER,89.89,91.57,89.92
2026-09-29 14:15:00-04:00,MCL,CROSS_LOWER,89.76,91.58,89.9
2026-09-29 14:30:00-04:00,MCL,PRIORITY_LOWER,89.24,91.66,89.61
2026-09-29 14:30:00-04:00,MGC,CROSS_UPPER,4205.5,4204.35,4174.97
2026-09-29 14:30:00-04:00,SIL,CROSS_UPPER,61.74,61.67,61.02
2026-09-29 14:45:00-04:00,MCL,REVERSAL_BREAK_LOWER,89.46,91.64,89.52
2026-09-29 14:45:00-04:00,MCL,CROSS_LOWER,89.46,91.64,89.52
2026-09-29 14:45:00-04:00,SIL,CROSS_UPPER,61.74,61.71,61.02
2026-09-29 15:00:00-04:00,MCL,REVERSAL_BREAK_LOWER,89.31,91.57,89.37
2026-09-29 15:00:00-04:00,MCL,CROSS_LOWER,89.31,91.57,89.37
2026-09-29 15:00:00-04:00,SIL,CROSS_UPPER,61.74,61.74,61.01
2026-09-29 20:45:00-04:00,SIL,CROSS_LOWER,61.67,61.94,61.69
2026-09-29 21:00:00-04:00,SIL,CROSS_LOWER,61.62,61.95,61.68
2026-09-29 21:00:00-04:00,MGC,CROSS_LOWER,4204.4,4217.62,4204.72
2026-09-29 21:00:00-04:00,MCL,CROSS_UPPER,89.51,89.49,88.85
2026-09-29 21:15:00-04:00,SIL,PRIORITY_LOWER,61.51,61.98,61.61
2026-09-29 21:15:00-04:00,MCL,CROSS_UPPER,89.59,89.53,88.84
2026-09-29 21:15:00-04:00,MGC,CROSS_LOWER,4202.2,4217.79,4204.37
2026-09-29 21:30:00-04:00,MGC,CROSS_LOWER,4202.6,4218.28,4203.38
2026-09-29 21:30:00-04:00,SIL,PRIORITY_LOWER,61.42,62.02,61.54
2026-09-29 21:30:00-04:00,MCL,PRIORITY_UPPER,89.8,89.65,88.8
2026-09-29 21:45:00-04:00,MGC,PRIORITY_LOWER,4200.2,4218.73,4201.79
2026-09-29 21:45:00-04:00,SIL,PRIORITY_LOWER,61.37,62.03,61.47
2026-09-29 22:00:00-04:00,SIL,PRIORITY_LOWER,61.4,62.04,61.43
2026-09-29 22:00:00-04:00,SIL,CROSS_LOWER,61.42,62.04,61.44
2026-09-29 22:30:00-04:00,SIL,CROSS_LOWER,61.28,62.03,61.35
2026-09-29 23:00:00-04:00,MCL,CROSS_UPPER,89.66,89.65,89.1
2026-09-29 23:15:00-04:00,MCL,CROSS_UPPER,89.7,89.69,89.13
2026-09-29 23:30:00-04:00,MCL,CROSS_UPPER,89.73,89.71,89.13
2026-09-29 23:45:00-04:00,MCL,PRIORITY_UPPER,89.79,89.7,89.12
2026-09-30 00:00:00-04:00,MCL,PRIORITY_UPPER,89.78,89.69,89.13
2026-09-30 00:00:00-04:00,MCL,CROSS_UPPER,89.78,89.76,89.14
2026-09-30 02:00:00-04:00,MGC,CROSS_UPPER,4214.0,4213.95,4201.97
2026-09-30 02:00:00-04:00,MCL,CROSS_LOWER,89.33,89.76,89.35
2026-09-30 02:15:00-04:00,MGC,PRIORITY_UPPER,4215.7,4215.13,4202.09
2026-09-30 02:15:00-04:00,MCL,PRIORITY_LOWER,89.3,89.77,89.32
2026-09-30 02:15:00-04:00,MCL,CROSS_LOWER,89.28,89.73,89.3
2026-09-30 02:30:00-04:00,MCL,CROSS_UPPER,89.79,89.78,89.34
2026-09-30 02:45:00-04:00,MCL,CROSS_UPPER,89.85,89.79,89.34
2026-09-30 02:45:00-04:00,MGC,CROSS_UPPER,4216.7,4215.35,4204.65
2026-09-30 02:45:00-04:00,SIL,CROSS_UPPER,61.62,61.54,61.33
2026-09-30 03:00:00-04:00,MGC,PRIORITY_UPPER,4223.1,4218.95,4202.17
2026-09-30 03:00:00-04:00,SIL,CROSS_UPPER,61.56,61.55,61.34
2026-09-30 03:00:00-04:00,MCL,CROSS_LOWER,89.14,89.8,89.29
2026-09-30 03:15:00-04:00,MGC,PRIORITY_UPPER,4227.5,4221.9,4202.16
2026-09-30 03:15:00-04:00,SIL,PRIORITY_UPPER,61.74,61.63,61.31
2026-09-30 03:15:00-04:00,MCL,CROSS_LOWER,89.13,89.78,89.25
2026-09-30 03:30:00-04:00,MGC,PRIORITY_UPPER,4227.0,4223.68,4203.01
2026-09-30 03:30:00-04:00,SIL,PRIORITY_UPPER,61.71,61.65,61.32
2026-09-30 03:30:00-04:00,MCL,CROSS_LOWER,89.11,89.82,89.25
2026-09-30 03:30:00-04:00,SIL,CROSS_UPPER,61.72,61.65,61.31
2026-09-30 03:45:00-04:00,MGC,REVERSAL_BREAK_UPPER,4226.9,4224.86,4203.2
2026-09-30 03:45:00-04:00,MGC,CROSS_UPPER,4226.9,4224.86,4203.2
2026-09-30 03:45:00-04:00,SIL,CROSS_UPPER,61.69,61.65,61.32
2026-09-30 03:45:00-04:00,MCL,CROSS_LOWER,89.11,89.78,89.22
2026-09-30 04:00:00-04:00,MGC,REVERSAL_BREAK_UPPER,4226.0,4226.03,4203.4
2026-09-30 04:00:00-04:00,MGC,CROSS_UPPER,4226.3,4226.08,4203.38
2026-09-30 04:00:00-04:00,SIL,CROSS_UPPER,61.67,61.66,61.33
2026-09-30 04:00:00-04:00,MCL,CROSS_LOWER,89.25,89.8,89.28
2026-09-30 04:15:00-04:00,MGC,REVERSAL_BREAK_UPPER,4226.9,4227.53,4203.6
2026-09-30 04:15:00-04:00,MGC,CROSS_UPPER,4231.6,4228.45,4202.42
2026-09-30 04:15:00-04:00,SIL,CROSS_UPPER,61.68,61.68,61.31
2026-09-30 04:30:00-04:00,MGC,CROSS_UPPER,4230.5,4230.12,4202.99
2026-09-30 04:30:00-04:00,MCL,CROSS_UPPER,89.87,89.83,89.3
2026-09-30 04:45:00-04:00,MCL,CROSS_UPPER,89.82,89.8,89.31
2026-09-30 05:00:00-04:00,MCL,PRIORITY_UPPER,90.26,89.99,89.22
2026-09-30 05:15:00-04:00,MCL,PRIORITY_UPPER,90.32,90.12,89.17
2026-09-30 05:15:00-04:00,SIL,CROSS_LOWER,61.19,61.69,61.3
2026-09-30 05:30:00-04:00,SIL,CROSS_LOWER,61.27,61.68,61.29
2026-09-30 05:30:00-04:00,MCL,REVERSAL_BREAK_UPPER,90.14,90.18,89.18
2026-09-30 05:30:00-04:00,MCL,REVERSAL_CLOSE_UPPER,90.14,90.18,89.18
2026-09-30 05:30:00-04:00,MCL,CROSS_UPPER,90.22,90.19,89.18
2026-09-30 05:45:00-04:00,SIL,CROSS_LOWER,61.24,61.69,61.25
2026-09-30 06:00:00-04:00,SIL,PRIORITY_LOWER,61.16,61.7,61.22
2026-09-30 06:00:00-04:00,SIL,CROSS_LOWER,61.14,61.7,61.21
2026-09-30 06:00:00-04:00,MCL,CROSS_UPPER,90.43,90.34,89.17
2026-09-30 06:15:00-04:00,MCL,CROSS_UPPER,90.46,90.42,89.16
2026-09-30 06:30:00-04:00,SIL,CROSS_LOWER,61.15,61.71,61.15
2026-09-30 06:45:00-04:00,SIL,CROSS_LOWER,61.11,61.72,61.11
2026-09-30 06:45:00-04:00,MCL,CROSS_UPPER,90.57,90.53,89.21
2026-09-30 07:00:00-04:00,SIL,CROSS_LOWER,61.04,61.71,61.07
2026-09-30 07:00:00-04:00,MCL,CROSS_UPPER,90.62,90.61,89.26
2026-09-30 07:00:00-04:00,MGC,CROSS_LOWER,4211.1,4229.46,4212.63
2026-09-30 07:15:00-04:00,MGC,PRIORITY_LOWER,4211.2,4229.55,4212.42
2026-09-30 07:15:00-04:00,SIL,PRIORITY_LOWER,60.98,61.72,61.01
2026-09-30 08:30:00-04:00,MGC,CROSS_UPPER,4237.6,4231.36,4212.2
2026-09-30 08:30:00-04:00,SIL,CROSS_UPPER,61.68,61.62,60.94
2026-09-30 08:45:00-04:00,MGC,PRIORITY_UPPER,4250.3,4238.36,4208.56
2026-09-30 08:45:00-04:00,SIL,PRIORITY_UPPER,61.69,61.63,60.94
2026-09-30 08:45:00-04:00,SIL,CROSS_UPPER,61.62,61.62,60.95
2026-09-30 09:00:00-04:00,MGC,REVERSAL_BREAK_UPPER,4246.3,4239.11,4208.78
2026-09-30 09:00:00-04:00,MGC,CROSS_UPPER,4246.3,4239.11,4208.78
2026-09-30 09:00:00-04:00,SIL,CROSS_UPPER,61.58,61.58,60.96
2026-09-30 09:00:00-04:00,MGC,PRIORITY_UPPER,4242.6,4238.32,4209.2
2026-09-30 09:15:00-04:00,MCL,CROSS_UPPER,91.17,90.91,89.97
2026-09-30 09:30:00-04:00,MCL,PRIORITY_UPPER,91.26,91.05,90.03
2026-09-30 09:45:00-04:00,MCL,REVERSAL_BREAK_UPPER,91.1,91.08,90.07
2026-09-30 09:45:00-04:00,MCL,CROSS_UPPER,91.1,91.08,90.07
2026-09-30 09:45:00-04:00,MCL,REVERSAL_CLOSE_UPPER,91.06,91.07,90.08
2026-09-30 10:15:00-04:00,MCL,CROSS_UPPER,91.24,91.16,90.11
2026-09-30 10:15:00-04:00,MGC,CROSS_LOWER,4201.6,4236.07,4204.4
2026-09-30 10:30:00-04:00,MGC,CROSS_LOWER,4201.8,4236.3,4202.47
2026-09-30 10:30:00-04:00,MCL,CROSS_UPPER,91.28,91.25,90.14
2026-09-30 10:30:00-04:00,SIL,CROSS_LOWER,60.88,61.46,60.92
2026-09-30 10:45:00-04:00,MCL,CROSS_UPPER,91.41,91.35,90.17
2026-09-30 10:45:00-04:00,MGC,CROSS_LOWER,4196.4,4236.89,4199.49
2026-09-30 10:45:00-04:00,SIL,CROSS_LOWER,60.72,61.48,60.87
2026-09-30 11:00:00-04:00,SIL,PRIORITY_LOWER,60.75,61.49,60.82
2026-09-30 11:00:00-04:00,MCL,PRIORITY_UPPER,91.61,91.49,90.16
2026-09-30 11:00:00-04:00,SIL,CROSS_LOWER,60.76,61.49,60.83
2026-09-30 11:00:00-04:00,MCL,CROSS_UPPER,91.56,91.48,90.17
2026-09-30 11:00:00-04:00,MGC,CROSS_LOWER,4192.4,4237.51,4196.31
2026-09-30 11:15:00-04:00,MCL,CROSS_UPPER,91.57,91.56,90.21
2026-09-30 11:15:00-04:00,MGC,CROSS_LOWER,4188.8,4237.79,4193.19
2026-09-30 11:15:00-04:00,SIL,CROSS_LOWER,60.72,61.49,60.78
2026-09-30 11:30:00-04:00,SIL,CROSS_LOWER,60.69,61.51,60.71
2026-09-30 11:30:00-04:00,MGC,CROSS_LOWER,4188.5,4238.29,4189.92
2026-09-30 11:45:00-04:00,SIL,PRIORITY_LOWER,60.59,61.52,60.63
2026-09-30 11:45:00-04:00,MGC,CROSS_LOWER,4186.3,4238.52,4186.71
2026-09-30 11:45:00-04:00,SIL,CROSS_LOWER,60.55,61.53,60.62
2026-09-30 12:00:00-04:00,SIL,PRIORITY_LOWER,60.51,61.54,60.56
2026-09-30 13:45:00-04:00,MCL,CROSS_LOWER,90.66,91.66,90.73
2026-09-30 14:00:00-04:00,MCL,CROSS_LOWER,90.68,91.66,90.71
2026-09-30 14:15:00-04:00,MCL,CROSS_LOWER,90.66,91.64,90.66
2026-09-30 14:30:00-04:00,MCL,CROSS_LOWER,90.5,91.68,90.54
2026-09-30 20:15:00-04:00,MGC,CROSS_LOWER,4173.0,4190.58,4179.59
2026-09-30 20:00:00-04:00,SIL,CROSS_LOWER,60.58,60.76,60.58
2026-09-30 20:15:00-04:00,SIL,CROSS_LOWER,60.32,60.81,60.51
2026-09-30 20:30:00-04:00,MGC,PRIORITY_LOWER,4172.9,4191.22,4177.98
2026-09-30 20:30:00-04:00,SIL,PRIORITY_LOWER,60.37,60.81,60.51
2026-09-30 20:45:00-04:00,MGC,PRIORITY_LOWER,4174.2,4191.36,4177.23
2026-09-30 20:45:00-04:00,SIL,REVERSAL_BREAK_LOWER,60.51,60.79,60.53
2026-09-30 20:45:00-04:00,SIL,CROSS_LOWER,60.51,60.79,60.53
2026-09-30 21:00:00-04:00,MGC,REVERSAL_BREAK_LOWER,4178.3,4191.24,4176.88
2026-09-30 21:00:00-04:00,MGC,REVERSAL_CLOSE_LOWER,4178.3,4191.24,4176.88
2026-09-30 21:00:00-04:00,SIL,REVERSAL_BREAK_LOWER,60.58,60.79,60.52
2026-09-30 21:00:00-04:00,SIL,REVERSAL_CLOSE_LOWER,60.58,60.79,60.52
2026-09-30 21:00:00-04:00,SIL,CROSS_UPPER,60.86,60.82,60.52
2026-09-30 21:15:00-04:00,SIL,PRIORITY_UPPER,60.9,60.86,60.5
2026-09-30 21:15:00-04:00,MGC,CROSS_UPPER,4193.6,4192.75,4177.29
2026-09-30 21:30:00-04:00,SIL,PRIORITY_UPPER,60.96,60.91,60.49
2026-09-30 21:45:00-04:00,SIL,PRIORITY_UPPER,61.05,60.97,60.47
2026-09-30 22:00:00-04:00,SIL,PRIORITY_UPPER,61.04,61.01,60.47
2026-09-30 22:00:00-04:00,SIL,CROSS_UPPER,61.03,61.0,60.47
2026-09-30 22:15:00-04:00,SIL,PRIORITY_UPPER,61.1,61.06,60.46
2026-09-30 22:15:00-04:00,SIL,CROSS_UPPER,61.06,61.05,60.47
2026-09-30 22:30:00-04:00,SIL,PRIORITY_UPPER,61.12,61.1,60.46
2026-09-30 22:15:00-04:00,MCL,CROSS_LOWER,89.93,90.46,89.96
2026-09-30 22:30:00-04:00,MCL,CROSS_LOWER,89.9,90.45,89.92
2026-09-30 22:45:00-04:00,SIL,PRIORITY_UPPER,61.17,61.16,60.45
2026-09-30 22:45:00-04:00,MCL,CROSS_LOWER,89.85,90.44,89.89
2026-09-30 22:45:00-04:00,SIL,CROSS_UPPER,61.28,61.18,60.44
2026-09-30 23:00:00-04:00,SIL,PRIORITY_UPPER,61.28,61.24,60.44
2026-09-30 23:00:00-04:00,MCL,PRIORITY_LOWER,89.59,90.49,89.75
2026-09-30 23:00:00-04:00,MGC,CROSS_UPPER,4193.8,4192.44,4176.96
2026-09-30 23:15:00-04:00,MGC,PRIORITY_UPPER,4196.6,4194.5,4176.25
2026-09-30 23:15:00-04:00,SIL,PRIORITY_UPPER,61.44,61.35,60.41
2026-09-30 23:15:00-04:00,MCL,PRIORITY_LOWER,89.6,90.5,89.69
2026-09-30 23:30:00-04:00,SIL,REVERSAL_BREAK_UPPER,61.4,61.4,60.42
2026-09-30 23:30:00-04:00,SIL,REVERSAL_CLOSE_UPPER,61.4,61.4,60.42
2026-09-30 23:30:00-04:00,MCL,REVERSAL_BREAK_LOWER,89.62,90.51,89.64
2026-09-30 23:30:00-04:00,MCL,CROSS_LOWER,89.62,90.51,89.64
2026-09-30 23:30:00-04:00,MGC,CROSS_UPPER,4195.3,4195.13,4176.38
2026-09-30 23:45:00-04:00,MGC,PRIORITY_UPPER,4198.6,4197.4,4175.9
2026-09-30 23:30:00-04:00,SIL,CROSS_UPPER,61.42,61.41,60.42
2026-09-30 23:45:00-04:00,MCL,PRIORITY_LOWER,89.43,90.53,89.52
2026-09-30 20:00:00-04:00,MGC,CROSS_LOWER,4180.9,4189.34,4181.93
2026-09-30 23:45:00-04:00,SIL,PRIORITY_UPPER,61.44,60.99,60.44
2026-09-29 23:45:00-04:00,MCL,CROSS_UPPER,89.8,89.76,89.13
2026-10-01 00:00:00-04:00,MGC,PRIORITY_UPPER,4205.1,4194.1,4179.09
2026-10-01 00:00:00-04:00,SIL,PRIORITY_UPPER,61.44,60.99,60.44
2026-10-01 00:00:00-04:00,MCL,PRIORITY_LOWER,89.14,90.8,89.74
2026-10-01 00:15:00-04:00,MGC,PRIORITY_UPPER,4201.6,4196.99,4178.17
2026-10-01 00:15:00-04:00,SIL,PRIORITY_UPPER,61.39,61.11,60.4
2026-10-01 00:15:00-04:00,MCL,PRIORITY_LOWER,89.17,90.81,89.58
2026-10-01 00:30:00-04:00,MGC,PRIORITY_UPPER,4202.7,4199.11,4178.06
2026-10-01 00:30:00-04:00,SIL,PRIORITY_UPPER,61.4,61.2,60.39
2026-10-01 00:30:00-04:00,MCL,PRIORITY_LOWER,89.15,90.81,89.44
2026-10-01 00:45:00-04:00,MGC,PRIORITY_UPPER,4205.3,4201.86,4177.66
2026-10-01 00:45:00-04:00,SIL,PRIORITY_UPPER,61.46,61.31,60.37
2026-10-01 00:45:00-04:00,MCL,PRIORITY_LOWER,89.24,90.76,89.36
2026-10-01 00:45:00-04:00,MGC,CROSS_UPPER,4207.3,4207.13,4175.13
2026-10-01 01:00:00-04:00,MGC,PRIORITY_UPPER,4210.5,4205.63,4176.77
2026-10-01 01:00:00-04:00,SIL,PRIORITY_UPPER,61.56,61.42,60.35
2026-10-01 01:00:00-04:00,MCL,PRIORITY_LOWER,89.13,90.74,89.22
2026-10-01 01:00:00-04:00,MGC,CROSS_UPPER,4212.9,4210.26,4175.23
2026-10-01 00:45:00-04:00,MCL,CROSS_LOWER,89.08,90.58,89.09
2026-10-01 01:00:00-04:00,MCL,CROSS_LOWER,88.85,90.54,88.97
2026-10-01 01:15:00-04:00,MGC,CROSS_UPPER,4211.9,4211.83,4177.34
2026-10-01 01:15:00-04:00,MCL,CROSS_LOWER,88.89,90.47,88.89
2026-10-01 01:30:00-04:00,MGC,PRIORITY_UPPER,4216.2,4214.76,4179.0
2026-10-01 01:30:00-04:00,MGC,CROSS_UPPER,4219.8,4215.43,4178.69
2026-10-01 01:45:00-04:00,MGC,CROSS_UPPER,4218.3,4216.67,4181.45
2026-10-01 02:00:00-04:00,MGC,CROSS_UPPER,4220.9,4219.27,4181.91
2026-10-01 02:30:00-04:00,MCL,CROSS_UPPER,90.27,90.22,88.84
2026-10-01 02:45:00-04:00,MCL,PRIORITY_UPPER,90.41,90.23,88.84
2026-10-01 02:45:00-04:00,MCL,CROSS_UPPER,90.54,90.26,88.82
2026-10-01 03:00:00-04:00,MCL,PRIORITY_UPPER,90.79,90.42,88.74
2026-10-01 03:00:00-04:00,SIL,CROSS_LOWER,61.19,61.69,61.2
2026-10-01 03:15:00-04:00,SIL,CROSS_LOWER,61.22,61.68,61.22
2026-10-01 03:15:00-04:00,MCL,PRIORITY_UPPER,91.5,90.86,88.53
2026-10-01 03:15:00-04:00,MGC,CROSS_LOWER,4189.3,4222.05,4189.42
2026-10-01 03:30:00-04:00,MGC,PRIORITY_LOWER,4186.9,4222.03,4189.41
2026-10-01 03:30:00-04:00,SIL,PRIORITY_LOWER,60.87,61.76,61.07
2026-10-01 03:30:00-04:00,SIL,CROSS_LOWER,61.01,61.74,61.1
2026-10-01 03:45:00-04:00,SIL,CROSS_LOWER,61.04,61.75,61.07
2026-10-01 04:00:00-04:00,SIL,PRIORITY_LOWER,60.97,61.76,61.0
2026-10-01 04:00:00-04:00,MGC,CROSS_LOWER,4189.5,4221.75,4189.93
2026-10-01 04:00:00-04:00,SIL,CROSS_LOWER,60.88,61.77,60.98
2026-10-01 04:15:00-04:00,SIL,PRIORITY_LOWER,60.89,61.78,60.93
2026-10-01 04:15:00-04:00,MGC,CROSS_LOWER,4185.0,4222.34,4188.47
2026-10-01 04:15:00-04:00,SIL,CROSS_LOWER,60.75,61.79,60.9
2026-10-01 04:30:00-04:00,MGC,CROSS_LOWER,4185.2,4222.73,4186.85
2026-10-01 04:30:00-04:00,SIL,PRIORITY_LOWER,60.74,61.8,60.82
2026-10-01 04:45:00-04:00,MGC,PRIORITY_LOWER,4179.6,4223.58,4183.05
2026-10-01 04:45:00-04:00,SIL,PRIORITY_LOWER,60.65,61.81,60.72
2026-10-01 04:45:00-04:00,MGC,CROSS_LOWER,4183.2,4223.29,4183.7
2026-10-01 04:45:00-04:00,SIL,CROSS_LOWER,60.69,61.8,60.73
2026-10-01 07:30:00-04:00,MGC,CROSS_UPPER,4207.5,4207.29,4181.17
2026-10-01 07:45:00-04:00,MGC,PRIORITY_UPPER,4209.2,4207.05,4181.3
2026-10-01 07:45:00-04:00,SIL,CROSS_UPPER,61.43,61.33,60.62
2026-10-01 08:00:00-04:00,MGC,PRIORITY_UPPER,4212.5,4209.27,4180.4
2026-10-01 08:00:00-04:00,SIL,PRIORITY_UPPER,61.4,61.35,60.61
2026-10-01 08:00:00-04:00,SIL,CROSS_UPPER,61.35,61.34,60.61
2026-10-01 08:15:00-04:00,SIL,CROSS_UPPER,61.47,61.4,60.61
2026-10-01 08:30:00-04:00,SIL,CROSS_UPPER,61.46,61.45,60.61
2026-10-01 08:30:00-04:00,MGC,CROSS_UPPER,4214.6,4212.28,4181.2
2026-10-01 08:45:00-04:00,MGC,CROSS_UPPER,4214.4,4213.96,4181.35
2026-10-01 08:45:00-04:00,SIL,CROSS_UPPER,61.55,61.52,60.6
2026-10-01 09:00:00-04:00,MCL,CROSS_LOWER,91.13,92.71,91.25
2026-10-01 09:15:00-04:00,MCL,PRIORITY_LOWER,90.86,92.68,91.08
2026-10-01 09:15:00-04:00,MCL,CROSS_LOWER,90.75,92.69,91.06
2026-10-01 09:30:00-04:00,MCL,PRIORITY_LOWER,90.57,92.65,90.88
2026-10-01 09:30:00-04:00,MCL,CROSS_LOWER,90.95,92.61,90.95
2026-10-01 10:00:00-04:00,MGC,CROSS_LOWER,4182.5,4213.13,4185.57
2026-10-01 10:15:00-04:00,MGC,CROSS_LOWER,4184.8,4213.26,4185.14
2026-10-01 11:00:00-04:00,SIL,CROSS_LOWER,61.04,61.52,61.07
2026-10-01 11:00:00-04:00,MGC,CROSS_LOWER,4183.8,4212.82,4187.14
2026-10-01 11:00:00-04:00,MCL,CROSS_UPPER,92.6,92.33,90.99
2026-10-01 11:15:00-04:00,SIL,PRIORITY_LOWER,60.97,61.53,61.04
2026-10-01 11:15:00-04:00,MCL,PRIORITY_UPPER,92.5,92.41,90.98
2026-10-01 11:15:00-04:00,MCL,CROSS_UPPER,92.58,92.42,90.97
2026-10-01 11:15:00-04:00,SIL,CROSS_LOWER,61.04,61.52,61.06
2026-10-01 11:30:00-04:00,SIL,CROSS_LOWER,60.99,61.53,61.03
2026-10-01 11:30:00-04:00,MCL,CROSS_UPPER,92.54,92.52,90.97
2026-10-01 11:45:00-04:00,SIL,PRIORITY_LOWER,60.92,61.54,60.97
2026-10-01 11:45:00-04:00,SIL,CROSS_LOWER,60.75,61.56,60.93
2026-10-01 11:45:00-04:00,MCL,CROSS_UPPER,92.9,92.67,90.97
2026-10-01 12:00:00-04:00,SIL,CROSS_LOWER,60.92,61.54,60.95
2026-10-01 12:45:00-04:00,SIL,CROSS_LOWER,60.87,61.54,60.87
2026-10-01 13:30:00-04:00,MGC,CROSS_UPPER,4213.2,4207.55,4186.82
2026-10-01 13:45:00-04:00,MGC,PRIORITY_UPPER,4207.9,4206.18,4187.53
2026-10-01 13:45:00-04:00,MGC,CROSS_UPPER,4207.3,4206.07,4187.58
2026-10-01 13:45:00-04:00,MCL,CROSS_UPPER,93.0,92.77,91.05
2026-10-01 14:00:00-04:00,MCL,PRIORITY_UPPER,93.32,93.04,91.06
2026-10-01 14:00:00-04:00,MCL,CROSS_UPPER,93.07,92.99,91.09
2026-10-01 14:15:00-04:00,MCL,CROSS_UPPER,93.07,93.02,91.29
2026-10-01 14:15:00-04:00,MGC,CROSS_UPPER,4206.2,4205.99,4187.78
2026-10-01 14:30:00-04:00,MGC,CROSS_UPPER,4212.6,4208.02,4187.58
2026-10-01 14:45:00-04:00,MGC,CROSS_UPPER,4209.8,4208.88,4187.88
2026-10-01 20:00:00-04:00,MGC,CROSS_LOWER,4199.3,4211.3,4202.13
2026-10-01 20:15:00-04:00,MGC,PRIORITY_LOWER,4198.8,4211.69,4201.17
2026-10-01 20:15:00-04:00,MGC,CROSS_LOWER,4195.4,4212.18,4200.33
2026-10-01 20:30:00-04:00,MGC,PRIORITY_LOWER,4193.3,4212.81,4197.98
2026-10-01 20:15:00-04:00,SIL,CROSS_LOWER,61.15,61.46,61.18
2026-10-01 20:30:00-04:00,SIL,PRIORITY_LOWER,61.15,61.47,61.17
2026-10-01 20:45:00-04:00,MGC,PRIORITY_LOWER,4188.7,4214.18,4194.25
2026-10-01 20:45:00-04:00,SIL,PRIORITY_LOWER,61.06,61.49,61.13
2026-10-01 21:00:00-04:00,MGC,PRIORITY_LOWER,4181.8,4215.97,4189.29
2026-10-01 21:00:00-04:00,SIL,PRIORITY_LOWER,60.92,61.53,61.04
2026-10-01 21:00:00-04:00,MCL,CROSS_LOWER,92.86,93.2,92.88
2026-10-01 21:00:00-04:00,SIL,CROSS_LOWER,60.58,61.59,60.95
2026-10-01 21:15:00-04:00,MGC,PRIORITY_LOWER,4169.9,4219.16,4181.23
2026-10-01 21:15:00-04:00,SIL,PRIORITY_LOWER,60.67,61.6,60.87
2026-10-01 21:15:00-04:00,MCL,PRIORITY_LOWER,92.79,93.2,92.84
2026-10-01 21:30:00-04:00,MGC,PRIORITY_LOWER,4178.5,4218.0,4180.47
2026-10-01 21:30:00-04:00,SIL,PRIORITY_LOWER,60.72,61.6,60.82
2026-10-01 21:30:00-04:00,MGC,CROSS_LOWER,4180.4,4217.85,4180.81
2026-10-01 21:45:00-04:00,MGC,CROSS_LOWER,4177.1,4217.69,4177.77
2026-10-01 21:45:00-04:00,SIL,PRIORITY_LOWER,60.56,61.63,60.7
2026-10-01 21:45:00-04:00,SIL,CROSS_LOWER,60.61,61.63,60.71
2026-10-01 22:00:00-04:00,MCL,CROSS_LOWER,92.76,93.15,92.83
2026-10-01 22:15:00-04:00,MCL,CROSS_LOWER,92.82,93.15,92.83
2026-10-01 22:45:00-04:00,MCL,CROSS_LOWER,92.71,93.16,92.79
2026-10-01 23:00:00-04:00,MCL,PRIORITY_LOWER,92.65,93.16,92.72
2026-10-01 23:15:00-04:00,MCL,PRIORITY_LOWER,92.58,93.17,92.66
2026-10-01 23:30:00-04:00,MCL,CROSS_LOWER,92.64,93.15,92.64
2026-10-01 23:45:00-04:00,MCL,PRIORITY_LOWER,92.72,93.16,92.82
2026-10-01 20:45:00-04:00,MCL,CROSS_UPPER,93.22,93.21,92.89
2026-10-02 00:00:00-04:00,MCL,PRIORITY_LOWER,92.49,93.27,92.78
2026-10-02 00:15:00-04:00,MCL,PRIORITY_LOWER,92.48,93.23,92.66
2026-10-02 00:30:00-04:00,MCL,PRIORITY_LOWER,92.55,93.29,92.64
2026-10-02 00:30:00-04:00,MCL,CROSS_LOWER,92.6,93.29,92.65
2026-10-02 00:45:00-04:00,MCL,CROSS_LOWER,92.61,93.25,92.63
2026-10-02 01:00:00-04:00,MCL,PRIORITY_LOWER,92.57,93.25,92.57
2026-10-02 01:00:00-04:00,MCL,CROSS_LOWER,92.39,93.27,92.54
2026-10-02 01:15:00-04:00,MCL,PRIORITY_LOWER,92.29,93.26,92.43
2026-10-02 01:15:00-04:00,MCL,CROSS_LOWER,92.42,93.29,92.46
2026-10-02 02:00:00-04:00,MCL,CROSS_LOWER,92.2,93.2,92.31
2026-10-02 02:15:00-04:00,MCL,CROSS_LOWER,92.16,93.19,92.23
2026-10-02 02:30:00-04:00,MCL,CROSS_LOWER,92.06,93.17,92.15
2026-10-02 02:45:00-04:00,MCL,PRIORITY_LOWER,91.86,92.91,92.05
2026-10-02 03:00:00-04:00,MCL,PRIORITY_LOWER,91.63,92.94,91.88
2026-10-02 03:15:00-04:00,MCL,PRIORITY_LOWER,91.43,92.97,91.69
2026-10-02 03:30:00-04:00,MCL,PRIORITY_LOWER,91.11,92.99,91.47
2026-10-02 03:45:00-04:00,MCL,PRIORITY_LOWER,90.9,93.04,91.22
2026-10-02 04:00:00-04:00,MCL,PRIORITY_LOWER,90.42,93.16,90.83
2026-10-02 04:00:00-04:00,SIL,CROSS_UPPER,61.79,61.73,61.37
2026-10-02 05:00:00-04:00,SIL,CROSS_LOWER,61.4,61.71,61.42
2026-10-02 06:00:00-04:00,MGC,CROSS_LOWER,4206.1,4220.62,4209.62
2026-10-02 06:00:00-04:00,SIL,CROSS_LOWER,61.32,61.71,61.4
2026-10-02 06:15:00-04:00,MGC,PRIORITY_LOWER,4200.8,4222.07,4206.04
2026-10-02 06:15:00-04:00,SIL,PRIORITY_LOWER,61.26,61.73,61.34
2026-10-02 06:30:00-04:00,MGC,PRIORITY_LOWER,4203.3,4221.76,4205.24
2026-10-02 06:30:00-04:00,SIL,PRIORITY_LOWER,61.28,61.72,61.32
2026-10-02 08:00:00-04:00,SIL,CROSS_LOWER,61.24,61.66,61.27
2026-10-02 08:15:00-04:00,SIL,PRIORITY_LOWER,61.17,61.67,61.23
2026-10-02 08:30:00-04:00,MGC,CROSS_UPPER,4248.0,4228.11,4200.73
2026-10-02 08:30:00-04:00,SIL,CROSS_UPPER,62.09,61.79,61.21
2026-10-02 08:45:00-04:00,MGC,PRIORITY_UPPER,4240.2,4229.91,4200.55
2026-10-02 08:45:00-04:00,SIL,PRIORITY_UPPER,61.96,61.81,61.2
2026-10-02 08:45:00-04:00,SIL,CROSS_UPPER,61.84,61.79,61.22
2026-10-02 09:00:00-04:00,MGC,PRIORITY_UPPER,4248.4,4236.87,4197.34
2026-10-02 09:00:00-04:00,SIL,PRIORITY_UPPER,62.1,61.91,61.16
2026-10-02 09:00:00-04:00,MCL,CROSS_LOWER,88.85,89.77,89.02
2026-10-02 09:45:00-04:00,SIL,CROSS_UPPER,61.92,61.91,61.19
2026-10-02 09:45:00-04:00,MCL,CROSS_UPPER,89.9,89.8,89.03
2026-10-02 10:00:00-04:00,MCL,CROSS_LOWER,89.04,89.74,89.05
2026-10-02 10:15:00-04:00,MCL,PRIORITY_LOWER,88.46,89.87,88.79
2026-10-02 10:15:00-04:00,MCL,CROSS_LOWER,88.76,89.83,88.85
2026-10-02 10:30:00-04:00,MCL,CROSS_LOWER,88.77,89.85,88.79
2026-10-02 10:45:00-04:00,MGC,CROSS_LOWER,4185.6,4235.1,4194.04
2026-10-02 10:45:00-04:00,SIL,CROSS_LOWER,61.12,61.95,61.13
2026-10-02 11:00:00-04:00,MGC,PRIORITY_LOWER,4187.5,4235.67,4192.36
2026-10-02 11:00:00-04:00,SIL,CROSS_LOWER,60.88,61.98,61.07
2026-10-02 11:00:00-04:00,MCL,CROSS_UPPER,90.3,90.0,88.79
2026-10-02 11:15:00-04:00,MGC,PRIORITY_LOWER,4170.7,4239.45,4183.97
2026-10-02 11:15:00-04:00,SIL,PRIORITY_LOWER,60.53,62.07,60.88
2026-10-02 11:15:00-04:00,MCL,PRIORITY_UPPER,90.4,90.13,88.75
2026-10-02 11:30:00-04:00,MGC,PRIORITY_LOWER,4170.3,4240.62,4178.75
2026-10-02 11:30:00-04:00,SIL,PRIORITY_LOWER,60.48,62.11,60.75
2026-10-02 11:30:00-04:00,MCL,CROSS_UPPER,90.21,90.16,88.77
2026-10-02 11:45:00-04:00,MGC,PRIORITY_LOWER,4161.1,4242.59,4170.95
2026-10-02 11:45:00-04:00,MCL,CROSS_UPPER,90.48,90.31,88.74
2026-10-02 11:45:00-04:00,SIL,PRIORITY_LOWER,60.17,62.2,60.51
2026-10-02 12:00:00-04:00,MGC,PRIORITY_LOWER,4157.3,4243.37,4163.62
2026-10-02 12:00:00-04:00,SIL,PRIORITY_LOWER,60.12,62.24,60.33
2026-10-02 12:00:00-04:00,MCL,PRIORITY_UPPER,90.9,90.6,88.65
2026-10-02 12:00:00-04:00,MGC,CROSS_LOWER,4163.8,4242.85,4164.79
2026-10-02 12:15:00-04:00,SIL,REVERSAL_BREAK_LOWER,60.29,62.23,60.25
2026-10-02 12:15:00-04:00,SIL,REVERSAL_CLOSE_LOWER,60.29,62.23,60.25
2026-10-02 12:15:00-04:00,MCL,REVERSAL_BREAK_UPPER,90.71,90.69,88.68
2026-10-02 12:15:00-04:00,MCL,CROSS_UPPER,90.71,90.69,88.68
2026-10-02 12:15:00-04:00,MCL,REVERSAL_CLOSE_UPPER,90.51,90.66,88.7
2026-10-02 12:30:00-04:00,MCL,PRIORITY_UPPER,91.39,91.05,88.59
2026-10-02 12:45:00-04:00,MCL,PRIORITY_UPPER,91.5,91.27,88.57
2026-10-02 13:00:00-04:00,MCL,CROSS_UPPER,91.59,91.48,88.53
2026-10-02 13:00:00-04:00,MCL,REVERSAL_BREAK_UPPER,91.49,91.46,88.54
2026-10-02 13:15:00-04:00,MCL,REVERSAL_BREAK_UPPER,91.57,91.66,88.53
2026-10-02 13:15:00-04:00,MCL,CROSS_UPPER,91.81,91.7,88.52
2026-10-02 13:30:00-04:00,MCL,REVERSAL_BREAK_UPPER,91.32,91.82,88.57
2026-10-02 13:30:00-04:00,MCL,REVERSAL_CLOSE_UPPER,91.32,91.82,88.57
2026-10-04 20:15:00-04:00,MGC,CROSS_UPPER,4180.7,4179.29,4166.62
2026-10-04 20:15:00-04:00,SIL,CROSS_UPPER,61.28,61.24,60.61
2026-10-04 20:00:00-04:00,MCL,PRIORITY_LOWER,90.69,91.49,90.84
2026-10-04 20:15:00-04:00,MCL,PRIORITY_LOWER,90.7,91.5,90.79
2026-10-04 20:30:00-04:00,MGC,PRIORITY_UPPER,4182.5,4181.14,4166.18
2026-10-04 20:30:00-04:00,SIL,PRIORITY_UPPER,61.38,61.31,60.62
2026-10-04 20:15:00-04:00,MCL,CROSS_LOWER,90.65,91.51,90.78
2026-10-04 20:30:00-04:00,MCL,PRIORITY_LOWER,90.64,91.52,90.72
2026-10-04 20:30:00-04:00,MCL,CROSS_LOWER,90.7,91.52,90.73
2026-10-04 20:30:00-04:00,MGC,CROSS_UPPER,4181.3,4180.92,4166.28
2026-10-04 20:45:00-04:00,MGC,CROSS_UPPER,4184.1,4182.15,4165.92
2026-10-04 20:45:00-04:00,SIL,PRIORITY_UPPER,61.47,61.38,60.63
2026-10-04 20:45:00-04:00,MCL,CROSS_LOWER,90.6,91.53,90.68
2026-10-04 21:00:00-04:00,MGC,CROSS_UPPER,4184.0,4183.2,4165.56
2026-10-04 20:45:00-04:00,SIL,CROSS_UPPER,61.62,61.42,60.61
2026-10-04 21:00:00-04:00,SIL,PRIORITY_UPPER,61.64,61.5,60.6
2026-10-04 21:00:00-04:00,MCL,PRIORITY_LOWER,90.51,91.56,90.55
2026-10-04 21:00:00-04:00,SIL,CROSS_UPPER,61.83,61.55,60.58
2026-10-04 21:00:00-04:00,MCL,CROSS_LOWER,90.52,91.56,90.55
2026-10-04 21:15:00-04:00,MGC,PRIORITY_UPPER,4184.9,4184.6,4165.13
2026-10-04 21:15:00-04:00,SIL,PRIORITY_UPPER,61.75,61.63,60.57
2026-10-04 21:15:00-04:00,MCL,CROSS_LOWER,90.4,91.54,90.47
2026-10-04 21:15:00-04:00,MGC,CROSS_UPPER,4185.0,4184.62,4165.12
2026-10-04 21:15:00-04:00,SIL,CROSS_UPPER,61.69,61.61,60.58
2026-10-04 21:30:00-04:00,SIL,CROSS_UPPER,61.7,61.69,60.6
2026-10-04 21:30:00-04:00,MCL,PRIORITY_LOWER,90.24,91.51,90.35
2026-10-04 21:45:00-04:00,MCL,REVERSAL_BREAK_LOWER,90.17,91.47,90.27
2026-10-04 21:45:00-04:00,MCL,CROSS_LOWER,90.17,91.47,90.27
2026-10-04 21:45:00-04:00,MGC,CROSS_UPPER,4186.4,4186.24,4165.28
2026-10-04 21:45:00-04:00,SIL,CROSS_UPPER,61.76,61.75,60.61
2026-10-04 22:00:00-04:00,MGC,CROSS_UPPER,4188.2,4188.02,4165.28
2026-10-04 21:45:00-04:00,MCL,PRIORITY_LOWER,90.2,91.47,90.27
2026-10-04 22:00:00-04:00,MCL,CROSS_LOWER,90.18,91.42,90.2
2026-10-04 22:15:00-04:00,MCL,PRIORITY_LOWER,90.05,91.38,90.09
2026-10-04 22:30:00-04:00,MCL,REVERSAL_BREAK_LOWER,90.06,91.35,90.01
2026-10-04 22:30:00-04:00,MCL,REVERSAL_CLOSE_LOWER,90.06,91.35,90.01
2026-10-04 23:00:00-04:00,MGC,CROSS_LOWER,4165.4,4188.88,4167.72
2026-10-04 23:15:00-04:00,MGC,PRIORITY_LOWER,4165.2,4189.16,4167.04
2026-10-04 20:00:00-04:00,MGC,CROSS_UPPER,4178.6,4178.46,4166.43
2026-10-04 23:45:00-04:00,SIL,PRIORITY_UPPER,61.58,61.3,60.58
2026-10-04 20:00:00-04:00,MCL,CROSS_LOWER,90.56,91.5,90.81
2026-10-04 23:45:00-04:00,MCL,PRIORITY_LOWER,90.09,91.61,90.61
2026-10-05 00:00:00-04:00,SIL,PRIORITY_UPPER,61.51,61.4,60.62
2026-10-05 00:00:00-04:00,MCL,PRIORITY_LOWER,89.92,91.63,90.5
2026-10-05 00:00:00-04:00,MGC,CROSS_LOWER,4162.7,4181.22,4164.77
2026-10-05 00:15:00-04:00,MGC,CROSS_LOWER,4161.3,4181.06,4163.26
2026-10-05 00:15:00-04:00,SIL,REVERSAL_BREAK_UPPER,61.34,61.41,60.64
2026-10-05 00:15:00-04:00,SIL,REVERSAL_CLOSE_UPPER,61.34,61.41,60.64
2026-10-05 00:15:00-04:00,MCL,PRIORITY_LOWER,89.94,91.68,90.33
2026-10-05 00:30:00-04:00,MGC,PRIORITY_LOWER,4153.3,4180.95,4159.36
2026-10-05 00:30:00-04:00,MCL,PRIORITY_LOWER,89.98,91.74,90.23
2026-10-05 00:30:00-04:00,MCL,CROSS_LOWER,90.12,91.73,90.26
2026-10-05 00:45:00-04:00,MGC,CROSS_LOWER,4158.8,4179.57,4159.6
2026-10-05 01:00:00-04:00,MCL,CROSS_LOWER,89.94,91.54,90.08
2026-10-05 01:15:00-04:00,MCL,PRIORITY_LOWER,89.93,91.5,89.98
2026-10-05 01:15:00-04:00,MCL,CROSS_LOWER,89.94,91.49,89.98
2026-10-05 02:00:00-04:00,MCL,CROSS_LOWER,89.79,90.29,89.83
2026-10-05 02:15:00-04:00,SIL,CROSS_UPPER,61.78,61.76,61.17
2026-10-05 02:15:00-04:00,MCL,PRIORITY_LOWER,89.69,90.29,89.77
2026-10-05 03:00:00-04:00,SIL,CROSS_UPPER,61.83,61.77,61.17
2026-10-05 03:15:00-04:00,SIL,CROSS_UPPER,61.81,61.79,61.16
2026-10-05 03:30:00-04:00,MCL,CROSS_LOWER,89.74,90.24,89.76
2026-10-05 03:30:00-04:00,MGC,CROSS_UPPER,4187.6,4186.01,4156.81
2026-10-05 03:45:00-04:00,MGC,CROSS_UPPER,4194.3,4189.09,4156.13
2026-10-05 03:30:00-04:00,SIL,CROSS_UPPER,61.92,61.82,61.15
2026-10-05 03:45:00-04:00,SIL,CROSS_UPPER,61.97,61.88,61.15
2026-10-05 03:45:00-04:00,MCL,CROSS_LOWER,89.72,90.24,89.72
2026-10-05 04:00:00-04:00,SIL,CROSS_UPPER,61.95,61.93,61.16
2026-10-05 04:00:00-04:00,MCL,PRIORITY_LOWER,89.55,90.26,89.63
2026-10-05 04:00:00-04:00,MGC,CROSS_UPPER,4192.5,4190.55,4156.82
2026-10-05 04:00:00-04:00,MCL,CROSS_LOWER,89.58,90.26,89.64
2026-10-05 04:15:00-04:00,MGC,PRIORITY_UPPER,4197.5,4194.39,4156.08
2026-10-05 04:15:00-04:00,SIL,PRIORITY_UPPER,62.08,62.02,61.14
2026-10-05 04:15:00-04:00,MCL,CROSS_LOWER,89.48,90.28,89.55
2026-10-05 04:15:00-04:00,SIL,CROSS_UPPER,62.08,62.02,61.14
2026-10-05 04:30:00-04:00,MGC,REVERSAL_BREAK_UPPER,4194.3,4196.0,4156.46
2026-10-05 04:30:00-04:00,MGC,REVERSAL_CLOSE_UPPER,4194.3,4196.0,4156.46
2026-10-05 04:30:00-04:00,SIL,CROSS_UPPER,62.08,62.08,61.14
2026-10-05 04:30:00-04:00,MCL,CROSS_UPPER,90.55,90.36,89.58
2026-10-05 04:45:00-04:00,MCL,PRIORITY_UPPER,90.87,90.53,89.51
2026-10-05 04:45:00-04:00,SIL,CROSS_UPPER,62.12,62.12,61.15
2026-10-05 04:45:00-04:00,MCL,CROSS_UPPER,90.62,90.48,89.55
2026-10-05 05:00:00-04:00,MCL,PRIORITY_UPPER,90.62,90.55,89.54
2026-10-05 05:00:00-04:00,MCL,CROSS_UPPER,90.82,90.59,89.52
2026-10-05 05:15:00-04:00,MCL,PRIORITY_UPPER,90.95,90.74,89.48
2026-10-05 06:00:00-04:00,MCL,CROSS_UPPER,90.81,90.8,89.51
2026-10-05 06:15:00-04:00,MCL,CROSS_UPPER,90.89,90.86,89.51
2026-10-05 06:45:00-04:00,SIL,CROSS_UPPER,62.19,62.19,61.68
2026-10-05 07:00:00-04:00,SIL,CROSS_UPPER,62.24,62.21,61.71
2026-10-05 07:15:00-04:00,SIL,CROSS_UPPER,62.26,62.25,61.72
2026-10-05 07:30:00-04:00,SIL,PRIORITY_UPPER,62.35,62.3,61.75
2026-10-05 07:45:00-04:00,MGC,CROSS_LOWER,4181.8,4196.6,4181.84
2026-10-05 08:30:00-04:00,SIL,CROSS_LOWER,61.87,62.23,61.87
2026-10-05 08:45:00-04:00,SIL,CROSS_LOWER,61.85,62.23,61.86
2026-10-05 09:00:00-04:00,MCL,CROSS_LOWER,89.69,90.87,89.84
2026-10-05 09:00:00-04:00,MGC,CROSS_LOWER,4179.4,4195.91,4181.89
2026-10-05 09:00:00-04:00,SIL,CROSS_LOWER,61.76,62.24,61.81
2026-10-05 09:15:00-04:00,MGC,CROSS_LOWER,4180.7,4195.39,4181.11
2026-10-05 09:15:00-04:00,MCL,PRIORITY_LOWER,89.36,90.95,89.67
2026-10-05 09:15:00-04:00,MCL,CROSS_LOWER,89.62,90.92,89.72
2026-10-05 09:30:00-04:00,MGC,CROSS_LOWER,4180.1,4195.26,4180.17
2026-10-05 09:30:00-04:00,SIL,CROSS_LOWER,61.79,62.23,61.8
2026-10-05 09:30:00-04:00,MCL,CROSS_LOWER,89.6,90.9,89.65
2026-10-05 09:45:00-04:00,MGC,PRIORITY_LOWER,4163.4,4197.88,4172.9
2026-10-05 09:45:00-04:00,SIL,PRIORITY_LOWER,61.42,62.29,61.64
2026-10-05 10:00:00-04:00,MGC,PRIORITY_LOWER,4165.5,4197.52,4170.27
2026-10-05 09:45:00-04:00,SIL,CROSS_LOWER,61.4,62.3,61.64
2026-10-05 10:00:00-04:00,SIL,PRIORITY_LOWER,61.42,62.31,61.56
2026-10-05 10:00:00-04:00,MGC,CROSS_LOWER,4168.2,4197.25,4170.81
2026-10-05 10:00:00-04:00,SIL,CROSS_LOWER,61.54,62.3,61.59
2026-10-05 10:00:00-04:00,MCL,CROSS_LOWER,89.43,90.79,89.53
2026-10-05 10:15:00-04:00,SIL,CROSS_LOWER,61.54,62.29,61.55
2026-10-05 10:15:00-04:00,MGC,CROSS_LOWER,4168.3,4196.25,4169.4
2026-10-05 10:30:00-04:00,MGC,PRIORITY_LOWER,4163.7,4196.56,4166.36
2026-10-05 10:30:00-04:00,SIL,PRIORITY_LOWER,61.34,62.32,61.44
2026-10-05 10:15:00-04:00,MNQ,PRIORITY_UPPER,31233.0,31165.18,30923.67
2026-10-05 10:30:00-04:00,MNQ,PRIORITY_UPPER,31205.0,31185.46,30925.86
2026-10-05 10:30:00-04:00,MGC,CROSS_LOWER,4166.0,4196.37,4166.78
2026-10-05 10:30:00-04:00,SIL,CROSS_LOWER,61.44,62.31,61.46
2026-10-05 10:45:00-04:00,MNQ,CROSS_UPPER,31206.25,31203.27,30929.83
2026-10-05 11:00:00-04:00,MNQ,PRIORITY_UPPER,31248.25,31233.13,30929.49
2026-10-05 11:00:00-04:00,MCL,CROSS_UPPER,90.73,90.72,89.51
2026-10-05 11:15:00-04:00,MCL,PRIORITY_UPPER,91.18,90.9,89.43
2026-10-05 11:15:00-04:00,MGC,CROSS_LOWER,4161.4,4194.96,4162.61
2026-10-05 12:00:00-04:00,MGC,CROSS_LOWER,4157.5,4191.72,4158.54
2026-10-05 12:15:00-04:00,MGC,CROSS_LOWER,4156.7,4189.22,4157.15
2026-10-05 14:15:00-04:00,MCL,CROSS_LOWER,89.33,90.75,89.45
2026-10-05 14:30:00-04:00,MCL,PRIORITY_LOWER,89.36,90.77,89.4
2026-10-05 14:15:00-04:00,MNQ,CROSS_UPPER,31313.5,31306.27,31181.55
2026-10-05 14:30:00-04:00,MCL,CROSS_LOWER,89.08,90.8,89.35
2026-10-05 14:30:00-04:00,MNQ,CROSS_UPPER,31315.25,31314.52,31184.41
2026-10-05 14:45:00-04:00,MCL,PRIORITY_LOWER,89.0,90.85,89.21
2026-10-05 14:45:00-04:00,MNQ,CROSS_UPPER,31319.5,31317.09,31197.84
2026-10-05 15:00:00-04:00,SIL,CROSS_UPPER,61.58,61.58,61.25
2026-10-05 15:00:00-04:00,MCL,PRIORITY_LOWER,89.04,90.89,89.12
2026-10-05 15:00:00-04:00,MNQ,CROSS_UPPER,31339.5,31324.6,31206.5
2026-10-05 20:00:00-04:00,MGC,CROSS_LOWER,4163.3,4171.23,4163.65
2026-10-05 20:00:00-04:00,SIL,CROSS_LOWER,61.26,61.55,61.29
2026-10-05 20:30:00-04:00,MCL,CROSS_UPPER,89.4,89.39,89.0
2026-10-05 20:30:00-04:00,MNQ,CROSS_UPPER,31386.0,31370.78,31324.75
2026-10-05 20:45:00-04:00,MNQ,PRIORITY_UPPER,31379.0,31371.87,31328.53
2026-10-05 20:45:00-04:00,MGC,CROSS_UPPER,4174.0,4171.85,4163.35
2026-10-05 21:00:00-04:00,MGC,PRIORITY_UPPER,4178.6,4174.55,4161.96
2026-10-05 20:45:00-04:00,MNQ,CROSS_UPPER,31391.5,31374.75,31326.9
2026-10-05 21:00:00-04:00,MNQ,PRIORITY_UPPER,31389.0,31379.61,31325.37
2026-10-05 21:00:00-04:00,MGC,CROSS_UPPER,4174.5,4173.66,4162.43
2026-10-05 21:00:00-04:00,MCL,CROSS_UPPER,89.41,89.41,89.07
2026-10-05 21:00:00-04:00,MNQ,CROSS_UPPER,31408.0,31384.1,31322.77
2026-10-05 21:15:00-04:00,MGC,CROSS_UPPER,4175.0,4174.81,4162.05
2026-10-05 21:15:00-04:00,MCL,PRIORITY_UPPER,89.59,89.48,89.08
2026-10-05 21:15:00-04:00,SIL,CROSS_LOWER,61.24,61.5,61.26
2026-10-05 21:30:00-04:00,SIL,PRIORITY_LOWER,61.15,61.5,61.22
2026-10-05 21:30:00-04:00,MCL,PRIORITY_UPPER,89.54,89.5,89.11
2026-10-05 21:30:00-04:00,SIL,CROSS_LOWER,61.15,61.5,61.22
2026-10-05 21:30:00-04:00,MCL,CROSS_UPPER,89.52,89.49,89.11
2026-10-05 21:30:00-04:00,MGC,CROSS_LOWER,4159.3,4174.18,4160.63
2026-10-05 21:45:00-04:00,SIL,PRIORITY_LOWER,61.15,61.51,61.19
2026-10-05 21:45:00-04:00,MGC,CROSS_LOWER,4159.7,4174.25,4160.0
2026-10-05 21:45:00-04:00,MCL,CROSS_UPPER,89.54,89.52,89.11
2026-10-05 22:00:00-04:00,MGC,PRIORITY_LOWER,4157.8,4174.52,4158.4
2026-10-05 22:00:00-04:00,SIL,PRIORITY_LOWER,61.01,61.54,61.1
2026-10-05 22:00:00-04:00,MCL,CROSS_UPPER,89.56,89.54,89.1
2026-10-05 22:15:00-04:00,MGC,REVERSAL_BREAK_LOWER,4157.6,4174.56,4157.35
2026-10-05 22:15:00-04:00,SIL,PRIORITY_LOWER,61.03,61.54,61.07
2026-10-05 22:15:00-04:00,MCL,PRIORITY_UPPER,89.62,89.6,89.1
2026-10-05 22:15:00-04:00,MCL,CROSS_UPPER,89.7,89.61,89.1
2026-10-05 22:15:00-04:00,MGC,CROSS_LOWER,4155.4,4174.73,4156.96
2026-10-05 22:30:00-04:00,MGC,PRIORITY_LOWER,4153.2,4175.09,4155.02
2026-10-05 22:30:00-04:00,SIL,PRIORITY_LOWER,60.97,61.54,61.01
2026-10-05 22:30:00-04:00,MCL,PRIORITY_UPPER,89.78,89.68,89.09
2026-10-05 22:30:00-04:00,MGC,CROSS_LOWER,4138.8,4177.16,4151.51
2026-10-05 22:30:00-04:00,SIL,CROSS_LOWER,60.74,61.57,60.96
2026-10-05 22:30:00-04:00,MNQ,CROSS_LOWER,31313.75,31383.47,31321.6
2026-10-05 22:45:00-04:00,MGC,PRIORITY_LOWER,4148.7,4175.87,4151.89
2026-10-05 22:45:00-04:00,SIL,PRIORITY_LOWER,60.96,61.54,60.97
2026-10-05 22:45:00-04:00,MCL,REVERSAL_BREAK_UPPER,89.67,89.7,89.11
2026-10-05 22:45:00-04:00,MCL,REVERSAL_CLOSE_UPPER,89.67,89.7,89.11
2026-10-05 22:45:00-04:00,MCL,CROSS_UPPER,89.74,89.71,89.1
2026-10-05 23:30:00-04:00,MCL,CROSS_UPPER,89.81,89.81,89.14
2026-10-05 22:00:00-04:00,MGC,CROSS_LOWER,4155.6,4174.71,4157.99
2026-10-05 23:45:00-04:00,SIL,PRIORITY_LOWER,61.04,61.54,61.07
2026-10-05 23:45:00-04:00,MCL,PRIORITY_UPPER,89.79,89.62,89.09
2026-10-05 23:45:00-04:00,MGC,PRIORITY_LOWER,4152.6,4175.14,4156.08
2026-10-06 00:00:00-04:00,MGC,PRIORITY_LOWER,4156.3,4174.8,4156.79
2026-10-06 00:00:00-04:00,SIL,PRIORITY_LOWER,61.06,61.52,61.17
2026-10-06 00:00:00-04:00,MCL,PRIORITY_UPPER,89.63,89.54,89.1
2026-10-06 00:00:00-04:00,MGC,CROSS_LOWER,4155.8,4174.84,4156.7
2026-10-06 00:15:00-04:00,MGC,PRIORITY_LOWER,4152.8,4175.28,4154.53
2026-10-06 00:00:00-04:00,SIL,CROSS_LOWER,60.99,61.54,61.06
2026-10-06 00:15:00-04:00,SIL,PRIORITY_LOWER,60.98,61.54,61.02
2026-10-06 00:15:00-04:00,MCL,REVERSAL_BREAK_UPPER,89.6,89.61,89.13
2026-10-06 00:15:00-04:00,MCL,REVERSAL_CLOSE_UPPER,89.53,89.6,89.13
2026-10-06 00:30:00-04:00,MGC,PRIORITY_LOWER,4154.0,4175.46,4155.67
2026-10-06 00:30:00-04:00,SIL,PRIORITY_LOWER,60.98,61.55,61.05
2026-10-06 00:15:00-04:00,MGC,CROSS_LOWER,4154.2,4175.16,4154.79
2026-10-06 00:30:00-04:00,MGC,CROSS_LOWER,4153.2,4175.13,4153.38
2026-10-06 00:30:00-04:00,SIL,CROSS_LOWER,60.96,61.54,60.97
2026-10-06 00:30:00-04:00,MCL,CROSS_UPPER,89.71,89.65,89.12
2026-10-06 00:45:00-04:00,MGC,PRIORITY_LOWER,4148.4,4176.52,4152.15
2026-10-06 00:45:00-04:00,SIL,PRIORITY_LOWER,60.81,61.58,60.94
2026-10-06 00:45:00-04:00,MCL,PRIORITY_UPPER,89.96,89.76,89.06
2026-10-06 00:45:00-04:00,MGC,CROSS_LOWER,4148.2,4175.47,4150.41
2026-10-06 01:00:00-04:00,MGC,CROSS_LOWER,4148.4,4175.11,4148.68
2026-10-06 01:00:00-04:00,SIL,PRIORITY_LOWER,60.82,61.54,60.84
2026-10-06 01:00:00-04:00,MCL,PRIORITY_UPPER,89.96,89.85,89.08
2026-10-06 01:00:00-04:00,SIL,CROSS_LOWER,60.81,61.54,60.84
2026-10-06 01:00:00-04:00,MCL,CROSS_UPPER,89.92,89.84,89.09
2026-10-06 01:15:00-04:00,MCL,CROSS_UPPER,89.89,89.88,89.1
2026-10-06 01:15:00-04:00,SIL,CROSS_LOWER,60.73,61.52,60.78
2026-10-06 01:30:00-04:00,SIL,PRIORITY_LOWER,60.71,61.5,60.73
2026-10-06 01:15:00-04:00,MGC,CROSS_LOWER,4148.2,4176.25,4148.39
2026-10-06 02:00:00-04:00,SIL,CROSS_LOWER,60.66,61.45,60.66
2026-10-06 02:00:00-04:00,MCL,CROSS_LOWER,89.16,89.88,89.16
2026-10-06 02:15:00-04:00,MCL,CROSS_LOWER,89.08,89.88,89.15
2026-10-06 02:15:00-04:00,MNQ,CROSS_UPPER,31392.5,31389.97,31333.11
2026-10-06 02:30:00-04:00,MCL,PRIORITY_LOWER,88.92,89.93,89.05
2026-10-06 02:30:00-04:00,MNQ,CROSS_UPPER,31392.5,31390.69,31341.49
2026-10-06 02:45:00-04:00,MCL,PRIORITY_LOWER,88.58,90.01,88.88
2026-10-06 02:45:00-04:00,MNQ,PRIORITY_UPPER,31389.75,31383.12,31331.7
2026-10-06 03:00:00-04:00,MCL,PRIORITY_LOWER,88.6,90.03,88.8
2026-10-06 03:00:00-04:00,MGC,CROSS_UPPER,4165.4,4161.46,4145.84
2026-10-06 03:15:00-04:00,MGC,PRIORITY_UPPER,4166.9,4163.3,4145.32
2026-10-06 03:00:00-04:00,SIL,CROSS_UPPER,61.13,61.13,60.74
2026-10-06 03:15:00-04:00,SIL,CROSS_UPPER,61.19,61.16,60.73
2026-10-06 03:15:00-04:00,MCL,PRIORITY_LOWER,88.36,90.2,88.62
2026-10-06 03:30:00-04:00,MCL,REVERSAL_BREAK_LOWER,88.67,90.17,88.56
2026-10-06 03:30:00-04:00,MCL,REVERSAL_CLOSE_LOWER,88.67,90.17,88.56
2026-10-06 03:30:00-04:00,MGC,CROSS_UPPER,4164.9,4163.7,4146.06
2026-10-06 03:45:00-04:00,MGC,PRIORITY_UPPER,4166.2,4165.05,4145.68
2026-10-06 03:30:00-04:00,MCL,CROSS_LOWER,88.53,90.18,88.54
2026-10-06 03:45:00-04:00,MCL,CROSS_LOWER,88.39,90.16,88.42
2026-10-06 03:45:00-04:00,MNQ,CROSS_UPPER,31391.0,31390.29,31340.84
2026-10-06 03:45:00-04:00,MGC,CROSS_UPPER,4168.2,4165.43,4145.5
2026-10-06 03:45:00-04:00,SIL,CROSS_UPPER,61.2,61.18,60.73
2026-10-06 04:00:00-04:00,MGC,PRIORITY_UPPER,4168.4,4166.85,4145.28
2026-10-06 04:00:00-04:00,SIL,PRIORITY_UPPER,61.21,61.2,60.72
2026-10-06 04:00:00-04:00,SIL,CROSS_UPPER,61.26,61.21,60.72
2026-10-06 04:00:00-04:00,MNQ,CROSS_UPPER,31392.0,31391.79,31342.49
2026-10-06 04:00:00-04:00,MGC,CROSS_UPPER,4168.1,4166.79,4145.31
2026-10-06 04:15:00-04:00,MGC,CROSS_UPPER,4169.9,4168.34,4145.15
2026-10-06 04:15:00-04:00,SIL,PRIORITY_UPPER,61.28,61.24,60.71
2026-10-06 04:15:00-04:00,MNQ,CROSS_UPPER,31395.5,31394.21,31343.44
2026-10-06 04:15:00-04:00,SIL,CROSS_UPPER,61.34,61.25,60.71
2026-10-06 04:30:00-04:00,MGC,PRIORITY_UPPER,4173.9,4171.07,4144.28
2026-10-06 04:30:00-04:00,SIL,PRIORITY_UPPER,61.4,61.3,60.69
2026-10-06 04:30:00-04:00,MCL,CROSS_LOWER,88.15,90.03,88.21
2026-10-06 04:45:00-04:00,MGC,PRIORITY_UPPER,4180.0,4175.35,4143.16
2026-10-06 04:45:00-04:00,SIL,PRIORITY_UPPER,61.49,61.39,60.66
2026-10-06 04:45:00-04:00,SIL,CROSS_UPPER,61.41,61.38,60.67
2026-10-06 04:45:00-04:00,MCL,CROSS_LOWER,87.97,89.99,88.07
2026-10-06 04:45:00-04:00,MNQ,CROSS_UPPER,31397.75,31395.6,31348.0
2026-10-06 05:00:00-04:00,MGC,PRIORITY_UPPER,4182.3,4178.92,4142.8
2026-10-06 05:00:00-04:00,SIL,CROSS_UPPER,61.44,61.43,60.66
2026-10-06 05:00:00-04:00,MNQ,CROSS_UPPER,31407.0,31399.24,31348.73
2026-10-06 05:00:00-04:00,MCL,CROSS_LOWER,87.94,89.95,87.95
2026-10-06 05:15:00-04:00,MCL,CROSS_LOWER,87.7,89.92,87.78
2026-10-06 05:15:00-04:00,MNQ,CROSS_UPPER,31410.25,31403.43,31349.14
2026-10-06 05:15:00-04:00,MGC,CROSS_UPPER,4184.1,4181.04,4143.17
2026-10-06 05:30:00-04:00,MNQ,PRIORITY_UPPER,31407.5,31406.33,31353.0
2026-10-06 05:30:00-04:00,MGC,CROSS_UPPER,4183.8,4183.48,4144.28
2026-10-06 05:30:00-04:00,SIL,CROSS_UPPER,61.52,61.51,60.69
2026-10-06 05:30:00-04:00,MCL,CROSS_LOWER,87.41,89.83,87.64
2026-10-06 05:30:00-04:00,MNQ,CROSS_UPPER,31412.25,31407.19,31352.61
2026-10-06 05:45:00-04:00,MNQ,PRIORITY_UPPER,31412.5,31409.31,31357.84
2026-10-06 05:45:00-04:00,MCL,CROSS_LOWER,87.48,89.7,87.51
2026-10-06 05:45:00-04:00,MNQ,CROSS_UPPER,31418.75,31410.52,31357.25
2026-10-06 06:00:00-04:00,MNQ,CROSS_UPPER,31420.5,31412.88,31359.95
2026-10-06 06:15:00-04:00,MNQ,PRIORITY_UPPER,31426.25,31418.85,31361.3
2026-10-06 06:30:00-04:00,MNQ,PRIORITY_UPPER,31440.5,31427.37,31362.78
2026-10-06 06:30:00-04:00,MCL,CROSS_LOWER,87.22,89.2,87.36
2026-10-06 06:45:00-04:00,MCL,CROSS_LOWER,87.25,89.06,87.28
2026-10-06 06:45:00-04:00,MNQ,PRIORITY_UPPER,31453.0,31438.2,31360.6
2026-10-06 07:00:00-04:00,MNQ,REVERSAL_BREAK_UPPER,31443.25,31441.63,31362.87
2026-10-06 07:00:00-04:00,MNQ,CROSS_UPPER,31443.25,31441.63,31362.87
2026-10-06 07:15:00-04:00,MNQ,PRIORITY_UPPER,31501.5,31465.58,31354.55
2026-10-06 07:15:00-04:00,MGC,CROSS_UPPER,4192.3,4191.62,4160.35
2026-10-06 07:15:00-04:00,SIL,CROSS_UPPER,61.73,61.61,61.04
2026-10-06 07:30:00-04:00,MGC,CROSS_UPPER,4194.6,4193.36,4162.32
2026-10-06 07:30:00-04:00,SIL,PRIORITY_UPPER,61.76,61.65,61.07
2026-10-06 07:30:00-04:00,MNQ,PRIORITY_UPPER,31520.25,31484.78,31349.59
2026-10-06 07:45:00-04:00,MGC,PRIORITY_UPPER,4199.5,4196.44,4163.83
2026-10-06 07:45:00-04:00,SIL,PRIORITY_UPPER,61.79,61.7,61.1
2026-10-06 07:45:00-04:00,MNQ,PRIORITY_UPPER,31513.75,31495.58,31350.99
2026-10-06 08:00:00-04:00,MGC,PRIORITY_UPPER,4201.8,4199.28,4164.83
2026-10-06 08:00:00-04:00,SIL,PRIORITY_UPPER,61.88,61.78,61.11
2026-10-06 08:00:00-04:00,MNQ,REVERSAL_BREAK_UPPER,31506.75,31504.63,31354.07
2026-10-06 08:00:00-04:00,MNQ,CROSS_UPPER,31506.75,31504.63,31354.07
2026-10-06 08:15:00-04:00,MGC,PRIORITY_UPPER,4205.7,4202.59,4166.39
2026-10-06 08:15:00-04:00,SIL,PRIORITY_UPPER,61.94,61.86,61.12
2026-10-06 08:15:00-04:00,MNQ,PRIORITY_UPPER,31527.0,31520.44,31356.49
2026-10-06 08:15:00-04:00,MGC,CROSS_UPPER,4204.2,4202.31,4166.52
2026-10-06 08:15:00-04:00,MCL,CROSS_LOWER,86.93,88.59,86.97
2026-10-06 09:45:00-04:00,MNQ,CROSS_UPPER,31548.0,31542.97,31405.8
2026-10-06 10:00:00-04:00,MNQ,CROSS_UPPER,31558.75,31551.52,31412.76
2026-10-06 10:15:00-04:00,MGC,CROSS_LOWER,4175.5,4204.42,4175.66
2026-10-06 10:15:00-04:00,SIL,CROSS_LOWER,61.14,61.87,61.21
2026-10-06 10:15:00-04:00,MCL,CROSS_UPPER,88.09,88.07,87.09
2026-10-06 10:30:00-04:00,MGC,PRIORITY_LOWER,4172.7,4205.0,4174.02
2026-10-06 10:30:00-04:00,MCL,CROSS_UPPER,88.14,88.12,87.11
2026-10-06 10:30:00-04:00,MNQ,CROSS_UPPER,31572.75,31559.26,31429.09
2026-10-06 10:45:00-04:00,MNQ,CROSS_UPPER,31569.0,31564.34,31440.16
2026-10-06 11:00:00-04:00,MNQ,PRIORITY_UPPER,31593.75,31576.35,31446.25
2026-10-06 11:15:00-04:00,MNQ,PRIORITY_UPPER,31614.25,31592.0,31449.92
2026-10-06 11:15:00-04:00,MCL,CROSS_UPPER,88.34,88.2,87.11
2026-10-06 11:30:00-04:00,MCL,CROSS_UPPER,88.33,88.28,87.14
2026-10-06 11:15:00-04:00,MNQ,CROSS_UPPER,31591.5,31587.67,31451.98
2026-10-06 11:45:00-04:00,MCL,PRIORITY_UPPER,88.87,88.55,87.04
2026-10-06 12:00:00-04:00,MCL,PRIORITY_UPPER,88.85,88.67,87.02
2026-10-06 12:00:00-04:00,MCL,CROSS_UPPER,89.18,88.74,86.99
2026-10-06 12:15:00-04:00,MCL,PRIORITY_UPPER,89.24,88.93,86.96
2026-10-06 12:30:00-04:00,MCL,PRIORITY_UPPER,89.58,89.22,86.93
2026-10-06 12:45:00-04:00,MCL,PRIORITY_UPPER,89.38,89.33,87.02
2026-10-06 12:45:00-04:00,MCL,CROSS_UPPER,89.44,89.34,87.02
2026-10-06 13:00:00-04:00,MCL,CROSS_UPPER,89.58,89.49,87.1
2026-10-06 13:15:00-04:00,MCL,CROSS_UPPER,89.69,89.64,87.22
2026-10-06 14:00:00-04:00,SIL,CROSS_UPPER,61.85,61.83,61.28
2026-10-06 14:00:00-04:00,MGC,CROSS_UPPER,4197.1,4196.55,4179.27
2026-10-06 14:15:00-04:00,SIL,PRIORITY_UPPER,61.92,61.88,61.27
2026-10-06 14:15:00-04:00,MGC,CROSS_UPPER,4198.7,4197.75,4179.02
2026-10-06 14:45:00-04:00,MGC,CROSS_UPPER,4200.4,4199.76,4180.09
2026-10-06 14:45:00-04:00,SIL,CROSS_UPPER,61.94,61.94,61.32
2026-10-06 15:00:00-04:00,MGC,PRIORITY_UPPER,4206.1,4202.52,4180.05
2026-10-06 15:00:00-04:00,SIL,CROSS_UPPER,62.08,62.0,61.33
2026-10-06 15:00:00-04:00,SIL,PRIORITY_UPPER,62.03,61.99,61.33
2026-10-06 15:15:00-04:00,MGC,PRIORITY_UPPER,4204.7,4202.75,4182.76
2026-10-06 15:15:00-04:00,SIL,PRIORITY_UPPER,62.03,62.0,61.41
2026-10-06 20:15:00-04:00,MCL,CROSS_UPPER,90.27,90.09,89.59
2026-10-06 20:15:00-04:00,MGC,CROSS_LOWER,4187.8,4201.6,4189.0
2026-10-06 20:30:00-04:00,MGC,PRIORITY_LOWER,4187.4,4201.53,4188.02
2026-10-06 20:30:00-04:00,MCL,PRIORITY_UPPER,90.21,90.12,89.61
2026-10-06 20:30:00-04:00,MGC,CROSS_LOWER,4184.6,4201.81,4187.46
2026-10-06 20:45:00-04:00,MGC,CROSS_LOWER,4185.5,4200.36,4187.58
2026-10-06 21:00:00-04:00,MGC,PRIORITY_LOWER,4182.5,4199.49,4186.1
2026-10-06 20:45:00-04:00,SIL,CROSS_LOWER,61.56,61.88,61.59
2026-10-06 21:00:00-04:00,SIL,PRIORITY_LOWER,61.58,61.83,61.6
2026-10-06 20:45:00-04:00,MCL,CROSS_UPPER,90.13,90.1,89.65
2026-10-06 21:00:00-04:00,MCL,PRIORITY_UPPER,90.24,90.14,89.68
2026-10-06 21:00:00-04:00,SIL,CROSS_LOWER,61.52,61.83,61.59
2026-10-06 21:00:00-04:00,MCL,CROSS_UPPER,90.41,90.18,89.66
2026-10-06 21:15:00-04:00,MGC,PRIORITY_LOWER,4179.9,4199.57,4183.74
2026-10-06 21:15:00-04:00,SIL,PRIORITY_LOWER,61.53,61.82,61.57
2026-10-06 21:15:00-04:00,MCL,PRIORITY_UPPER,90.56,90.31,89.63
2026-10-06 21:30:00-04:00,MGC,PRIORITY_LOWER,4180.9,4199.35,4182.31
2026-10-06 21:30:00-04:00,SIL,REVERSAL_BREAK_LOWER,61.56,61.81,61.55
2026-10-06 21:30:00-04:00,SIL,REVERSAL_CLOSE_LOWER,61.56,61.81,61.55
2026-10-06 21:30:00-04:00,MCL,PRIORITY_UPPER,90.38,90.32,89.66
2026-10-06 21:30:00-04:00,MGC,CROSS_LOWER,4180.3,4199.4,4182.15
2026-10-06 21:30:00-04:00,MCL,CROSS_UPPER,90.38,90.32,89.66
2026-10-06 21:30:00-04:00,SIL,CROSS_LOWER,61.53,61.81,61.55
2026-10-06 21:45:00-04:00,MGC,PRIORITY_LOWER,4178.7,4199.24,4180.27
2026-10-06 21:45:00-04:00,SIL,PRIORITY_LOWER,61.51,61.81,61.52
2026-10-06 21:45:00-04:00,SIL,CROSS_LOWER,61.36,61.82,61.49
2026-10-06 21:45:00-04:00,MCL,CROSS_UPPER,90.47,90.37,89.68
2026-10-06 21:45:00-04:00,MNQ,CROSS_LOWER,31484.25,31508.44,31485.54
2026-10-06 22:00:00-04:00,MGC,PRIORITY_LOWER,4173.3,4199.65,4177.18
2026-10-06 22:00:00-04:00,SIL,PRIORITY_LOWER,61.25,61.85,61.41
2026-10-06 22:00:00-04:00,MNQ,CROSS_LOWER,31479.5,31509.29,31482.93
2026-10-06 22:15:00-04:00,MGC,PRIORITY_LOWER,4170.1,4200.4,4173.73
2026-10-06 22:15:00-04:00,SIL,PRIORITY_LOWER,61.17,61.88,61.31
2026-10-06 22:15:00-04:00,MNQ,PRIORITY_LOWER,31444.25,31519.5,31463.98
2026-10-06 22:30:00-04:00,MGC,REVERSAL_BREAK_LOWER,4173.7,4199.91,4172.81
2026-10-06 22:30:00-04:00,MGC,REVERSAL_CLOSE_LOWER,4173.7,4199.91,4172.81
2026-10-06 22:30:00-04:00,SIL,PRIORITY_LOWER,61.26,61.87,61.29
2026-10-06 22:30:00-04:00,MNQ,PRIORITY_LOWER,31442.25,31521.46,31456.97
2026-10-06 22:30:00-04:00,SIL,CROSS_LOWER,61.28,61.87,61.29
2026-10-06 22:30:00-04:00,MNQ,CROSS_LOWER,31458.5,31519.71,31460.47
2026-10-06 22:30:00-04:00,MGC,CROSS_LOWER,4172.6,4199.98,4172.63
2026-10-06 22:45:00-04:00,SIL,CROSS_LOWER,61.18,61.87,61.24
2026-10-06 22:45:00-04:00,MGC,CROSS_LOWER,4168.9,4199.7,4170.7
2026-10-06 23:00:00-04:00,MGC,CROSS_LOWER,4168.3,4199.04,4168.73
2026-10-06 23:00:00-04:00,SIL,PRIORITY_LOWER,61.1,61.87,61.16
2026-10-06 23:15:00-04:00,MGC,CROSS_LOWER,4166.1,4198.48,4166.27
2026-10-06 23:15:00-04:00,SIL,PRIORITY_LOWER,61.05,61.87,61.1
2026-10-06 23:00:00-04:00,MNQ,CROSS_LOWER,31452.0,31517.19,31452.33
2026-10-06 23:45:00-04:00,MGC,PRIORITY_LOWER,4171.7,4199.9,4179.18
2026-10-06 23:45:00-04:00,SIL,PRIORITY_LOWER,61.21,61.85,61.45
2026-10-07 00:00:00-04:00,SIL,PRIORITY_LOWER,61.16,61.86,61.19
2026-10-07 00:00:00-04:00,MGC,PRIORITY_LOWER,4169.4,4200.28,4178.57
2026-10-07 00:15:00-04:00,MGC,PRIORITY_LOWER,4169.1,4200.67,4175.45
2026-10-07 00:15:00-04:00,SIL,PRIORITY_LOWER,61.15,61.88,61.36
2026-10-07 00:00:00-04:00,MGC,CROSS_LOWER,4169.0,4198.8,4169.34
2026-10-07 00:00:00-04:00,SIL,CROSS_LOWER,61.18,61.86,61.2
2026-10-07 00:15:00-04:00,SIL,CROSS_LOWER,61.13,61.84,61.15
2026-10-07 00:30:00-04:00,MGC,PRIORITY_LOWER,4168.7,4200.99,4172.69
2026-10-07 00:30:00-04:00,SIL,PRIORITY_LOWER,61.15,61.9,61.29
2026-10-07 00:45:00-04:00,MGC,PRIORITY_LOWER,4163.8,4201.93,4168.51
2026-10-07 00:45:00-04:00,SIL,PRIORITY_LOWER,61.09,61.92,61.2
2026-10-07 00:45:00-04:00,MGC,CROSS_LOWER,4161.6,4197.07,4162.88
2026-10-07 00:45:00-04:00,SIL,CROSS_LOWER,61.01,61.83,61.04
2026-10-07 01:00:00-04:00,MGC,PRIORITY_LOWER,4160.1,4202.24,4164.72
2026-10-07 01:00:00-04:00,SIL,PRIORITY_LOWER,61.01,61.93,61.11
2026-10-07 01:00:00-04:00,MGC,CROSS_LOWER,4160.4,4196.02,4160.69
2026-10-07 01:15:00-04:00,MGC,PRIORITY_LOWER,4159.1,4201.67,4161.79
2026-10-07 01:15:00-04:00,SIL,PRIORITY_LOWER,60.99,61.92,61.04
2026-10-07 01:45:00-04:00,MCL,CROSS_LOWER,89.97,90.41,89.99
2026-10-07 01:45:00-04:00,MGC,CROSS_LOWER,4154.7,4189.64,4156.33
2026-10-07 01:45:00-04:00,SIL,CROSS_LOWER,60.84,61.7,60.87
2026-10-07 02:15:00-04:00,SIL,CROSS_LOWER,60.83,61.35,60.87
2026-10-07 02:30:00-04:00,SIL,CROSS_LOWER,60.82,61.29,60.86
2026-10-07 02:45:00-04:00,SIL,CROSS_LOWER,60.76,61.27,60.82
2026-10-07 03:00:00-04:00,SIL,PRIORITY_LOWER,60.77,61.26,60.79
2026-10-07 03:00:00-04:00,MCL,CROSS_LOWER,89.93,90.37,89.99
2026-10-07 03:15:00-04:00,MCL,CROSS_LOWER,89.77,90.38,89.91
2026-10-07 03:15:00-04:00,MNQ,CROSS_LOWER,31446.0,31486.22,31446.88
2026-10-07 03:30:00-04:00,MNQ,PRIORITY_LOWER,31437.25,31487.26,31441.64
2026-10-07 03:30:00-04:00,MCL,CROSS_LOWER,89.72,90.36,89.87
2026-10-07 03:30:00-04:00,MNQ,CROSS_LOWER,31433.75,31486.39,31441.23
2026-10-07 03:45:00-04:00,MCL,PRIORITY_LOWER,89.8,90.34,89.85
2026-10-07 03:45:00-04:00,MNQ,CROSS_LOWER,31424.75,31487.23,31440.12
2026-10-07 03:45:00-04:00,MCL,CROSS_LOWER,89.64,90.36,89.81
2026-10-07 04:00:00-04:00,MCL,PRIORITY_LOWER,89.59,90.37,89.74
2026-10-07 04:00:00-04:00,MNQ,PRIORITY_LOWER,31428.75,31487.13,31436.39
2026-10-07 04:00:00-04:00,MCL,CROSS_LOWER,89.56,90.36,89.73
2026-10-07 04:00:00-04:00,MNQ,CROSS_LOWER,31431.75,31489.32,31440.13
2026-10-07 04:15:00-04:00,MCL,CROSS_LOWER,89.66,90.36,89.68
2026-10-07 04:15:00-04:00,MNQ,PRIORITY_LOWER,31429.5,31490.26,31435.09
2026-10-07 04:15:00-04:00,MGC,CROSS_LOWER,4153.4,4169.13,4153.75
2026-10-07 04:15:00-04:00,SIL,CROSS_LOWER,60.63,61.18,60.69
2026-10-07 04:30:00-04:00,MGC,CROSS_LOWER,4152.1,4167.87,4152.91
2026-10-07 04:15:00-04:00,MNQ,CROSS_LOWER,31425.25,31490.68,31434.24
2026-10-07 04:30:00-04:00,MNQ,CROSS_LOWER,31419.0,31491.75,31428.38
2026-10-07 04:30:00-04:00,MCL,CROSS_LOWER,89.55,90.35,89.63
2026-10-07 04:45:00-04:00,MGC,CROSS_LOWER,4152.5,4166.5,4152.62
2026-10-07 04:45:00-04:00,MCL,PRIORITY_LOWER,89.44,90.36,89.54
2026-10-07 04:45:00-04:00,MNQ,PRIORITY_LOWER,31420.5,31490.58,31424.02
2026-10-07 04:45:00-04:00,SIL,CROSS_LOWER,60.63,61.11,60.66
2026-10-07 04:45:00-04:00,MCL,CROSS_LOWER,89.52,90.35,89.56
2026-10-07 04:45:00-04:00,MNQ,CROSS_LOWER,31416.75,31490.75,31423.23
2026-10-07 05:00:00-04:00,MGC,PRIORITY_LOWER,4149.8,4165.61,4151.35
2026-10-07 05:00:00-04:00,SIL,PRIORITY_LOWER,60.61,61.08,60.63
2026-10-07 05:00:00-04:00,MNQ,PRIORITY_LOWER,31411.0,31490.29,31416.63
2026-10-07 05:00:00-04:00,MGC,CROSS_LOWER,4149.4,4165.66,4151.21
2026-10-07 05:00:00-04:00,SIL,CROSS_LOWER,60.64,61.08,60.64
2026-10-07 05:00:00-04:00,MNQ,CROSS_LOWER,31393.5,31491.98,31412.94
2026-10-07 05:15:00-04:00,MGC,PRIORITY_LOWER,4149.2,4164.36,4150.67
2026-10-07 05:15:00-04:00,SIL,PRIORITY_LOWER,60.57,61.05,60.61
2026-10-07 05:15:00-04:00,MNQ,PRIORITY_LOWER,31380.5,31493.82,31400.33
2026-10-07 05:15:00-04:00,SIL,CROSS_LOWER,60.46,61.06,60.58
2026-10-07 05:30:00-04:00,MGC,PRIORITY_LOWER,4145.8,4164.39,4148.57
2026-10-07 05:30:00-04:00,SIL,PRIORITY_LOWER,60.5,61.04,60.55
2026-10-07 05:30:00-04:00,MNQ,PRIORITY_LOWER,31372.0,31494.16,31388.92
2026-10-07 05:45:00-04:00,MGC,PRIORITY_LOWER,4144.9,4164.24,4147.04
2026-10-07 05:45:00-04:00,SIL,PRIORITY_LOWER,60.44,61.03,60.5
2026-10-07 05:45:00-04:00,MNQ,PRIORITY_LOWER,31343.5,31498.68,31368.45
2026-10-07 06:00:00-04:00,MGC,REVERSAL_BREAK_LOWER,4144.3,4163.95,4145.8
2026-10-07 06:00:00-04:00,MGC,CROSS_LOWER,4144.3,4163.95,4145.8
2026-10-07 06:00:00-04:00,SIL,REVERSAL_BREAK_LOWER,60.4,61.01,60.47
2026-10-07 06:00:00-04:00,SIL,CROSS_LOWER,60.4,61.01,60.47
2026-10-07 06:00:00-04:00,MNQ,PRIORITY_LOWER,31351.75,31495.51,31361.24
2026-10-07 06:00:00-04:00,MNQ,CROSS_LOWER,31362.0,31494.49,31363.11
2026-10-07 06:15:00-04:00,MGC,PRIORITY_LOWER,4142.8,4163.9,4143.91
2026-10-07 06:15:00-04:00,SIL,PRIORITY_LOWER,60.35,60.99,60.41
2026-10-07 06:15:00-04:00,MNQ,PRIORITY_LOWER,31351.0,31490.69,31352.34
2026-10-07 06:15:00-04:00,MNQ,CROSS_LOWER,31331.5,31492.21,31348.77
2026-10-07 06:15:00-04:00,SIL,CROSS_LOWER,60.41,60.99,60.42
2026-10-07 06:30:00-04:00,MGC,PRIORITY_LOWER,4139.8,4163.44,4141.8
2026-10-07 06:30:00-04:00,SIL,PRIORITY_LOWER,60.34,60.96,60.38
2026-10-07 06:30:00-04:00,MNQ,CROSS_LOWER,31338.75,31486.08,31341.65
2026-10-07 06:30:00-04:00,SIL,CROSS_LOWER,60.29,60.97,60.37
2026-10-07 06:30:00-04:00,MGC,CROSS_LOWER,4141.8,4163.28,4142.16
2026-10-07 06:45:00-04:00,MGC,PRIORITY_LOWER,4139.1,4163.6,4140.0
2026-10-07 06:45:00-04:00,SIL,PRIORITY_LOWER,60.28,60.96,60.32
2026-10-07 06:45:00-04:00,MNQ,PRIORITY_LOWER,31301.25,31485.32,31321.7
2026-10-07 06:45:00-04:00,SIL,CROSS_LOWER,60.31,60.96,60.32
2026-10-07 07:00:00-04:00,SIL,CROSS_LOWER,60.28,60.92,60.29
2026-10-07 07:00:00-04:00,MNQ,CROSS_LOWER,31271.75,31484.28,31303.42
2026-10-07 07:15:00-04:00,MNQ,PRIORITY_LOWER,31268.75,31479.49,31288.59
2026-10-07 07:15:00-04:00,MCL,CROSS_UPPER,90.26,90.19,89.55
2026-10-07 07:30:00-04:00,MCL,CROSS_UPPER,90.38,90.24,89.52
2026-10-07 07:30:00-04:00,MNQ,PRIORITY_LOWER,31234.25,31477.4,31265.67
2026-10-07 07:45:00-04:00,MNQ,PRIORITY_LOWER,31235.5,31471.12,31250.51
2026-10-07 07:45:00-04:00,MCL,CROSS_UPPER,90.24,90.2,89.54
2026-10-07 07:45:00-04:00,MNQ,CROSS_LOWER,31232.75,31471.24,31249.96
2026-10-07 08:15:00-04:00,MGC,CROSS_LOWER,4135.4,4158.08,4137.2
2026-10-07 08:30:00-04:00,MGC,PRIORITY_LOWER,4099.8,4165.02,4120.94
2026-10-07 08:15:00-04:00,SIL,CROSS_LOWER,59.47,60.91,60.04
2026-10-07 08:30:00-04:00,SIL,PRIORITY_LOWER,59.25,60.97,59.81
2026-10-07 08:15:00-04:00,MNQ,CROSS_LOWER,31227.75,31450.17,31234.05
2026-10-07 08:45:00-04:00,MGC,PRIORITY_LOWER,4098.6,4166.19,4113.44
2026-10-07 08:45:00-04:00,SIL,PRIORITY_LOWER,59.47,60.93,59.74
2026-10-07 09:00:00-04:00,MGC,REVERSAL_BREAK_LOWER,4115.7,4163.03,4113.82
2026-10-07 09:00:00-04:00,MGC,REVERSAL_CLOSE_LOWER,4115.7,4163.03,4113.82
2026-10-07 09:15:00-04:00,MCL,CROSS_UPPER,90.39,90.27,89.64
2026-10-07 09:30:00-04:00,MCL,PRIORITY_UPPER,90.62,90.37,89.67
2026-10-07 09:30:00-04:00,MGC,CROSS_LOWER,4108.7,4160.42,4108.75
2026-10-07 09:30:00-04:00,SIL,CROSS_LOWER,59.67,60.77,59.7
2026-10-07 09:30:00-04:00,MNQ,CROSS_LOWER,31183.25,31385.82,31201.53
2026-10-07 09:30:00-04:00,MCL,CROSS_UPPER,90.93,90.45,89.61
2026-10-07 09:45:00-04:00,MCL,PRIORITY_UPPER,90.91,90.58,89.62
2026-10-07 09:45:00-04:00,MNQ,CROSS_LOWER,31194.0,31369.99,31196.53
2026-10-07 09:45:00-04:00,MCL,CROSS_UPPER,90.53,90.5,89.66
2026-10-07 10:30:00-04:00,MCL,CROSS_LOWER,89.63,90.47,89.66
2026-10-07 10:45:00-04:00,MCL,CROSS_LOWER,89.62,90.47,89.64
2026-10-07 11:00:00-04:00,MCL,CROSS_LOWER,89.57,90.48,89.57
2026-10-07 11:15:00-04:00,MCL,CROSS_LOWER,89.4,90.49,89.52
2026-10-07 11:30:00-04:00,MCL,PRIORITY_LOWER,89.35,90.5,89.44
2026-10-07 11:30:00-04:00,MCL,CROSS_LOWER,89.25,90.51,89.42
2026-10-07 11:30:00-04:00,MNQ,CROSS_UPPER,31306.5,31295.54,31214.66
2026-10-07 11:45:00-04:00,MCL,PRIORITY_LOWER,89.14,90.54,89.3
2026-10-07 11:45:00-04:00,MNQ,PRIORITY_UPPER,31348.75,31314.86,31204.14
2026-10-07 11:45:00-04:00,MCL,CROSS_LOWER,89.01,90.56,89.27
2026-10-07 12:00:00-04:00,MCL,PRIORITY_LOWER,88.89,90.59,89.13
2026-10-07 12:00:00-04:00,MNQ,PRIORITY_UPPER,31339.75,31322.18,31202.42
2026-10-07 12:00:00-04:00,MCL,CROSS_LOWER,88.53,90.64,89.05
2026-10-07 12:00:00-04:00,MNQ,CROSS_UPPER,31351.75,31324.72,31201.08
2026-10-07 12:15:00-04:00,MCL,PRIORITY_LOWER,88.71,90.6,88.96
2026-10-07 12:15:00-04:00,MNQ,PRIORITY_UPPER,31354.0,31337.42,31199.23
2026-10-07 12:30:00-04:00,MCL,REVERSAL_BREAK_LOWER,89.0,90.56,88.91
2026-10-07 12:30:00-04:00,MCL,REVERSAL_CLOSE_LOWER,89.0,90.56,88.91
2026-10-07 12:45:00-04:00,MCL,CROSS_LOWER,88.72,90.57,88.79
2026-10-07 13:00:00-04:00,MCL,CROSS_LOWER,88.64,90.56,88.67
2026-10-07 13:00:00-04:00,MNQ,CROSS_UPPER,31358.0,31356.66,31202.74
2026-10-07 13:00:00-04:00,MGC,CROSS_UPPER,4146.1,4143.5,4107.85
2026-10-07 13:00:00-04:00,SIL,CROSS_UPPER,60.38,60.35,59.63
2026-10-07 13:15:00-04:00,MGC,CROSS_UPPER,4147.3,4145.56,4109.91
2026-10-07 13:15:00-04:00,SIL,CROSS_UPPER,60.45,60.38,59.7
2026-10-07 13:15:00-04:00,MCL,CROSS_LOWER,88.19,90.58,88.46
2026-10-07 13:15:00-04:00,MNQ,CROSS_UPPER,31379.75,31370.75,31205.12
2026-10-07 13:30:00-04:00,MCL,CROSS_LOWER,88.35,90.53,88.36
2026-10-07 13:45:00-04:00,MCL,CROSS_LOWER,88.15,90.5,88.17
2026-10-07 14:00:00-04:00,MGC,CROSS_UPPER,4144.6,4144.43,4119.23
2026-10-07 15:00:00-04:00,SIL,CROSS_LOWER,59.94,60.29,59.95
2026-10-07 20:30:00-04:00,MCL,CROSS_UPPER,89.24,89.21,88.72
2026-10-07 20:45:00-04:00,MCL,PRIORITY_UPPER,89.24,89.19,88.81
2026-10-07 20:45:00-04:00,MGC,CROSS_UPPER,4140.8,4138.23,4128.71
2026-10-07 20:45:00-04:00,SIL,CROSS_UPPER,60.12,60.11,59.91
2026-10-07 20:45:00-04:00,MCL,CROSS_UPPER,89.27,89.2,88.8
2026-10-07 21:00:00-04:00,MGC,CROSS_UPPER,4150.5,4141.96,4126.81
2026-10-07 21:00:00-04:00,SIL,CROSS_UPPER,60.56,60.26,59.84
2026-10-07 21:00:00-04:00,MCL,CROSS_UPPER,89.41,89.24,88.8
2026-10-07 21:00:00-04:00,MGC,PRIORITY_UPPER,4145.5,4140.54,4127.73
2026-10-07 21:15:00-04:00,MGC,PRIORITY_UPPER,4143.0,4141.68,4127.61
2026-10-07 21:15:00-04:00,SIL,PRIORITY_UPPER,60.37,60.26,59.86
2026-10-07 21:15:00-04:00,MCL,PRIORITY_UPPER,89.45,89.31,88.78
2026-10-07 21:15:00-04:00,SIL,CROSS_UPPER,60.57,60.31,59.83
2026-10-07 21:15:00-04:00,MCL,CROSS_UPPER,89.42,89.31,88.79
2026-10-07 21:15:00-04:00,MGC,CROSS_UPPER,4153.0,4144.12,4126.17
2026-10-07 21:30:00-04:00,MGC,PRIORITY_UPPER,4153.5,4147.01,4125.57
2026-10-07 21:30:00-04:00,SIL,PRIORITY_UPPER,60.54,60.38,59.82
2026-10-07 21:45:00-04:00,MGC,PRIORITY_UPPER,4155.6,4150.37,4125.26
2026-10-07 21:45:00-04:00,SIL,PRIORITY_UPPER,60.51,60.43,59.83
2026-10-07 21:30:00-04:00,MCL,CROSS_UPPER,89.45,89.34,88.78
2026-10-07 21:45:00-04:00,MCL,PRIORITY_UPPER,89.48,89.4,88.78
2026-10-07 21:45:00-04:00,SIL,CROSS_UPPER,60.57,60.44,59.83
2026-10-07 22:00:00-04:00,MGC,PRIORITY_UPPER,4156.9,4153.13,4125.0
2026-10-07 22:00:00-04:00,SIL,PRIORITY_UPPER,60.5,60.47,59.84
2026-10-07 22:00:00-04:00,MCL,PRIORITY_UPPER,89.64,89.5,88.74
2026-10-07 22:00:00-04:00,SIL,CROSS_UPPER,60.67,60.51,59.82
2026-10-07 22:00:00-04:00,MCL,CROSS_UPPER,89.54,89.48,88.75
2026-10-07 22:15:00-04:00,MGC,PRIORITY_UPPER,4162.0,4157.21,4123.74
2026-10-07 22:15:00-04:00,SIL,PRIORITY_UPPER,60.62,60.56,59.82
2026-10-07 22:15:00-04:00,MCL,PRIORITY_UPPER,89.6,89.55,88.73
2026-10-07 22:15:00-04:00,MCL,CROSS_UPPER,89.57,89.54,88.74
2026-10-07 22:30:00-04:00,MGC,PRIORITY_UPPER,4159.8,4159.28,4123.95
2026-10-07 22:30:00-04:00,SIL,REVERSAL_BREAK_UPPER,60.51,60.59,59.83
2026-10-07 22:30:00-04:00,SIL,REVERSAL_CLOSE_UPPER,60.51,60.59,59.83
2026-10-07 22:30:00-04:00,MCL,CROSS_UPPER,89.63,89.61,88.73
2026-10-07 22:30:00-04:00,MGC,CROSS_UPPER,4165.0,4160.27,4123.54
2026-10-07 22:30:00-04:00,SIL,CROSS_UPPER,60.67,60.62,59.82
2026-10-07 22:45:00-04:00,MGC,PRIORITY_UPPER,4166.0,4163.62,4123.29
2026-10-07 22:45:00-04:00,SIL,CROSS_UPPER,60.7,60.68,59.83
2026-10-07 22:45:00-04:00,MCL,CROSS_UPPER,89.88,89.72,88.72
2026-10-07 23:00:00-04:00,MCL,PRIORITY_UPPER,89.81,89.78,88.74
2026-10-07 23:00:00-04:00,MCL,CROSS_UPPER,89.92,89.8,88.74
2026-10-07 23:15:00-04:00,MCL,PRIORITY_UPPER,89.93,89.88,88.75
2026-10-07 23:15:00-04:00,MCL,CROSS_UPPER,89.89,89.88,88.75
2026-10-07 23:30:00-04:00,MNQ,CROSS_LOWER,31378.5,31457.87,31379.46
2026-10-07 23:45:00-04:00,SIL,PRIORITY_LOWER,60.32,61.9,60.84
2026-10-07 23:45:00-04:00,MNQ,PRIORITY_LOWER,31384.0,31520.46,31430.02
2026-10-07 23:45:00-04:00,MCL,PRIORITY_LOWER,89.85,90.42,89.9
2026-10-08 00:00:00-04:00,MCL,PRIORITY_LOWER,89.82,90.43,89.89
2026-10-08 00:00:00-04:00,MGC,PRIORITY_LOWER,4160.9,4195.55,4162.3
2026-10-08 00:00:00-04:00,SIL,PRIORITY_LOWER,60.33,61.9,60.84
2026-10-08 00:00:00-04:00,MGC,CROSS_UPPER,4164.7,4163.04,4123.55
2026-10-08 00:00:00-04:00,MNQ,PRIORITY_LOWER,31363.25,31524.59,31423.96
2026-10-08 00:00:00-04:00,MGC,CROSS_LOWER,4161.0,4195.54,4162.32
2026-10-08 00:15:00-04:00,SIL,PRIORITY_LOWER,60.37,61.9,60.71
2026-10-08 00:00:00-04:00,MCL,CROSS_LOWER,89.9,90.42,89.91
2026-10-08 00:15:00-04:00,MCL,CROSS_LOWER,89.9,90.42,89.91
2026-10-08 00:15:00-04:00,MNQ,PRIORITY_LOWER,31360.0,31529.25,31404.98
2026-10-08 01:15:00-04:00,MCL,CROSS_UPPER,90.14,90.11,89.29
2026-10-08 01:30:00-04:00,SIL,CROSS_LOWER,59.87,60.65,59.91
2026-10-08 01:30:00-04:00,MCL,PRIORITY_UPPER,90.32,90.19,89.32
2026-10-08 01:30:00-04:00,MCL,CROSS_UPPER,90.24,90.17,89.33
2026-10-08 01:45:00-04:00,MCL,CROSS_UPPER,90.19,90.19,89.42
2026-10-08 01:45:00-04:00,SIL,CROSS_LOWER,59.78,60.67,59.87
2026-10-08 01:45:00-04:00,MNQ,CROSS_LOWER,31343.75,31447.69,31353.48
2026-10-08 01:45:00-04:00,MGC,CROSS_LOWER,4142.8,4164.85,4147.79
2026-10-08 01:30:00-04:00,MNQ,CROSS_LOWER,31359.75,31446.56,31364.27
2026-10-08 02:00:00-04:00,SIL,PRIORITY_LOWER,59.52,60.74,59.72
2026-10-08 02:00:00-04:00,MCL,PRIORITY_UPPER,90.34,90.29,89.44
2026-10-08 02:00:00-04:00,MNQ,PRIORITY_LOWER,31323.0,31452.66,31340.04
2026-10-08 02:00:00-04:00,MGC,PRIORITY_LOWER,4143.2,4165.24,4147.07
2026-10-08 02:00:00-04:00,MCL,CROSS_UPPER,90.44,90.31,89.43
2026-10-08 02:00:00-04:00,MNQ,CROSS_LOWER,31330.0,31451.97,31341.43
2026-10-08 02:15:00-04:00,SIL,PRIORITY_LOWER,59.6,60.74,59.68
2026-10-08 02:15:00-04:00,MCL,CROSS_UPPER,90.34,90.32,89.5
2026-10-08 02:15:00-04:00,MNQ,PRIORITY_LOWER,31321.25,31452.15,31330.83
2026-10-08 02:15:00-04:00,SIL,CROSS_LOWER,59.34,60.77,59.62
2026-10-08 02:30:00-04:00,SIL,PRIORITY_LOWER,59.15,60.85,59.44
2026-10-08 02:30:00-04:00,MCL,PRIORITY_UPPER,90.49,90.41,89.53
2026-10-08 02:15:00-04:00,MNQ,CROSS_LOWER,31292.0,31455.31,31324.74
2026-10-08 02:30:00-04:00,MNQ,PRIORITY_LOWER,31298.0,31452.46,31313.32
2026-10-08 02:30:00-04:00,MCL,CROSS_UPPER,90.71,90.46,89.51
2026-10-08 02:45:00-04:00,SIL,REVERSAL_BREAK_LOWER,59.44,60.84,59.43
2026-10-08 02:45:00-04:00,SIL,REVERSAL_CLOSE_LOWER,59.44,60.84,59.43
2026-10-08 02:45:00-04:00,MCL,PRIORITY_UPPER,90.77,90.57,89.52
2026-10-08 02:45:00-04:00,MNQ,PRIORITY_LOWER,31263.0,31453.23,31291.39
2026-10-08 02:45:00-04:00,SIL,CROSS_LOWER,59.39,60.84,59.42
2026-10-08 03:00:00-04:00,SIL,CROSS_LOWER,59.3,60.85,59.33
2026-10-08 03:00:00-04:00,MCL,PRIORITY_UPPER,90.95,90.75,89.5
2026-10-08 03:00:00-04:00,MNQ,PRIORITY_LOWER,31246.5,31451.59,31273.08
2026-10-08 03:15:00-04:00,MCL,PRIORITY_UPPER,91.29,90.99,89.46
2026-10-08 03:15:00-04:00,MNQ,PRIORITY_LOWER,31222.25,31449.77,31250.6
2026-10-08 03:30:00-04:00,MCL,PRIORITY_UPPER,91.42,91.17,89.46
2026-10-08 03:45:00-04:00,MCL,PRIORITY_UPPER,91.66,91.4,89.44
2026-10-08 03:45:00-04:00,SIL,CROSS_LOWER,59.01,60.55,59.1
2026-10-08 04:00:00-04:00,SIL,CROSS_LOWER,58.99,60.52,59.01
2026-10-08 04:00:00-04:00,MCL,PRIORITY_UPPER,91.68,91.56,89.46
2026-10-08 03:45:00-04:00,MNQ,CROSS_LOWER,31224.0,31430.19,31234.78
2026-10-08 04:15:00-04:00,MCL,CROSS_UPPER,91.68,91.65,89.52
2026-10-08 04:30:00-04:00,MCL,CROSS_UPPER,91.81,91.78,89.6
2026-10-08 04:45:00-04:00,MCL,CROSS_UPPER,91.95,91.92,89.67
2026-10-08 06:15:00-04:00,MCL,CROSS_UPPER,92.38,92.34,90.44
2026-10-08 06:15:00-04:00,MNQ,CROSS_LOWER,31166.5,31322.37,31191.35
2026-10-08 06:30:00-04:00,MCL,CROSS_UPPER,92.47,92.43,90.58
2026-10-08 06:30:00-04:00,MNQ,PRIORITY_LOWER,31148.0,31312.27,31178.66
2026-10-08 06:30:00-04:00,MGC,CROSS_LOWER,4136.5,4152.86,4139.99
2026-10-08 06:30:00-04:00,SIL,CROSS_LOWER,58.76,59.51,58.94
2026-10-08 06:45:00-04:00,MGC,CROSS_LOWER,4140.3,4152.59,4140.43
2026-10-08 06:45:00-04:00,SIL,PRIORITY_LOWER,58.88,59.48,58.92
2026-10-08 06:45:00-04:00,MCL,PRIORITY_UPPER,92.66,92.58,90.68
2026-10-08 06:45:00-04:00,MNQ,PRIORITY_LOWER,31144.5,31305.83,31166.72
2026-10-08 06:45:00-04:00,MCL,CROSS_UPPER,92.6,92.57,90.69
2026-10-08 07:00:00-04:00,MCL,CROSS_UPPER,92.65,92.63,90.86
2026-10-08 07:00:00-04:00,MNQ,PRIORITY_LOWER,31140.5,31295.32,31159.9
2026-10-08 07:00:00-04:00,SIL,CROSS_LOWER,58.94,59.4,58.95
2026-10-08 07:00:00-04:00,MGC,CROSS_LOWER,4139.7,4152.68,4140.38
2026-10-08 07:15:00-04:00,MNQ,REVERSAL_BREAK_LOWER,31150.0,31288.49,31153.11
2026-10-08 07:15:00-04:00,MNQ,CROSS_LOWER,31150.0,31288.49,31153.11
2026-10-08 07:15:00-04:00,MNQ,REVERSAL_CLOSE_LOWER,31158.0,31287.96,31154.42
2026-10-08 07:30:00-04:00,MGC,CROSS_UPPER,4153.9,4153.15,4141.41
2026-10-08 08:15:00-04:00,MGC,CROSS_UPPER,4156.3,4153.69,4141.31
2026-10-08 08:45:00-04:00,MGC,CROSS_LOWER,4140.8,4153.83,4140.85
2026-10-08 09:15:00-04:00,SIL,CROSS_UPPER,59.35,59.3,58.93
2026-10-08 09:15:00-04:00,MCL,CROSS_LOWER,91.57,92.74,91.67
2026-10-08 09:30:00-04:00,SIL,CROSS_UPPER,59.31,59.3,58.93
2026-10-08 09:45:00-04:00,SIL,PRIORITY_UPPER,59.44,59.36,58.9
2026-10-08 09:45:00-04:00,MGC,CROSS_UPPER,4157.1,4153.99,4140.8
2026-10-08 10:00:00-04:00,SIL,PRIORITY_UPPER,59.44,59.41,58.89
2026-10-08 10:00:00-04:00,MNQ,CROSS_UPPER,31257.0,31251.12,31148.73
2026-10-08 10:15:00-04:00,MNQ,CROSS_UPPER,31256.75,31252.76,31148.07
2026-10-08 10:15:00-04:00,MGC,CROSS_UPPER,4158.1,4154.9,4140.43
2026-10-08 10:15:00-04:00,SIL,CROSS_UPPER,59.53,59.44,58.88
2026-10-08 10:30:00-04:00,MGC,PRIORITY_UPPER,4160.0,4157.37,4139.81
2026-10-08 10:30:00-04:00,SIL,PRIORITY_UPPER,59.54,59.51,58.86
2026-10-08 10:30:00-04:00,MCL,CROSS_LOWER,91.76,92.73,91.82
2026-10-08 10:30:00-04:00,MNQ,PRIORITY_UPPER,31346.5,31296.77,31124.53
2026-10-08 10:30:00-04:00,SIL,CROSS_UPPER,59.51,59.5,58.87
2026-10-08 10:45:00-04:00,MNQ,REVERSAL_BREAK_UPPER,31294.0,31294.22,31128.55
2026-10-08 10:45:00-04:00,MNQ,REVERSAL_CLOSE_UPPER,31294.0,31294.22,31128.55
2026-10-08 11:00:00-04:00,MCL,CROSS_UPPER,92.85,92.82,91.96
2026-10-08 11:15:00-04:00,MGC,CROSS_LOWER,4138.3,4156.36,4138.86
2026-10-08 11:15:00-04:00,MCL,PRIORITY_UPPER,93.07,92.93,91.93
